SET FOREIGN_KEY_CHECKS = 0;
INSERT INTO `type_asso` (`id`, `name`) VALUES
(1, 'Commission/Projet BDE'),
(2, 'Projet Objectifs'),
(3, 'Associations 1901'),
(4, 'Club Upsilon');

INSERT INTO `asso` (`id`, `name`, `login`, `pole_id`, `type_id`, `url_site`, `description`, `logo`, `active`, `passation`, `salle`, `phone`, `facebook`, `created_at`, `updated_at`) VALUES
(1, 'Pôle Vie du Campus', 'polevdc', NULL, 3, NULL, 'Le pôle vie du campus n''existe pas encore au SiMDE.', NULL, 1, NULL, NULL, NULL, NULL, '2011-05-14 11:29:47', '2011-05-14 11:29:49'),
(3, 'Pôle Artistique et Évènementiel', 'poleae', NULL, 3, 'http://wwwassos.utc.fr/poleae', 'Le Pôle Artistique et Évènementiel, ou PAÉ pour les intimes, est là pour soutenir, accompagner.', 'http://wwwassos.utc.fr/poleae/logos/poleae.png', 1, NULL, NULL, NULL, NULL, '2011-05-14 11:10:48', '2011-05-14 11:10:51'),
(4, 'Pôle Solidarite et Citoyennete', 'polesec', NULL, 3, NULL, 'Le pôle psec n''existe pas encore au SiMDE...', NULL, NULL, NULL, NULL, NULL, NULL, '2011-05-14 11:15:35', '2011-05-14 11:15:37'),
(5, 'Pôle Technologie et Entreprenariat', 'poletee', NULL, 3, NULL, 'Le pôle Technologie et Entreprenariat n''existe pas encore au SiMDE.', NULL, NULL, NULL, NULL, NULL, NULL, '2011-05-14 11:17:11', '2011-05-14 11:17:13');

INSERT INTO `pole` (`id`, `asso_id`, `couleur`) VALUES
(1, 1, '#F0AC04'),
(2, 5, '#249FF4'),
(3, 3, '#E02D1C'),
(4, 4, '#78B900');

INSERT INTO `asso` (`id`, `name`, `login`, `pole_id`, `type_id`, `url_site`, `description`, `logo`, `active`, `passation`, `salle`, `phone`, `facebook`, `created_at`, `updated_at`) VALUES
(2, 'SiMDE', 'simde', 1, 1, 'http://wwwassos.utc.fr/simde', 'Service informatique de la Maison des Étudiants\r\nchargé de la mise en place de :\r\nRessource informatique au sein de la MDE\r\nLes serveurs : Phoenix et Centaure \r\nLe site wwwassos.utc.fr\r\nL''intranet des assos', 'http://wwwassos.utc.fr/simde.png', 1, NULL, NULL, NULL, NULL, '2011-05-14 11:06:17', '2011-05-14 11:06:24'),
(6, 'BDE-UTC', 'bde', 1, 3, 'http://wwwassos.utc.fr/', 'Le bureau des étudiants de l''UTC (BDE-UTC) est une association 1901 qui a pour objet l''animation et la structuration de la vie étudiante de l''UTC de manière saine, responsable et constructive.\r\n\r\nDans ce cadre le BDE-UTC administre la Maison des Étudiants (MDE), partie du bâtiment C du centre Benjamin Franklin, dans le cadre de la Convention d''Occupation de la MDE signée chaque année avec l''UTC. Depuis début septembre, le BDE et ses commissions s''attache à supprimer les nuisances sonores aux abords des bâtiments.', NULL, 1, NULL, NULL, NULL, NULL, '2011-05-14 11:32:40', '2011-05-14 11:32:42'),
(7, 'USEC', 'usec', 2, 3, 'http://wwwassos.utc.fr/usec', 'Envie de toucher du doigt le monde de l''Entreprise? \r\nRejoins l''équipe de l''USEC, Junior-Entreprise de l''UTC! \r\n\r\nProche du fonctionnement les entreprises de conseil, nous mettons à disposition de clients industriels, du secteur tertiaire et particuliers, les compétences et connaissances acquises durant notre cycle ingénieur à l''UTC. Et bien sûr, chaque étudiant qui travaille pour l''USEC est rémunéré!\r\n\r\nL''USEC sera ton lien privilégié avec les entreprises durant tes années à l''UTC!\r\n\r\nViens nous voir en FC221!!', NULL, 1, NULL, NULL, NULL, NULL, '2011-05-14 11:33:41', '2011-05-14 11:33:43'),
(8, 'Polar', 'polar', 1, 3, 'http://wwwassos.utc.fr/polar', 'LA centrale d''achat des étudiants : matériel informatique, fournitures, papier ; mais aussi tout le service : impressions de rapports, posters, location de vidéoprojecteur, de WiiPack, de manuel de langue, et bien d''autres encore !', 'http://wwwassos.utc.fr/polar/styles/0/textures/logo.png', 1, NULL, NULL, NULL, NULL, '2011-05-14 11:35:22', '2011-05-14 11:35:24'),
(9, 'Comet', 'comet', 3, 1, 'http://wwwassos.utc.fr/comet', 'Organisation des soirées Étudiantes (Estu), location de matériel de son et lumières à bas prix.', 'http://wwwassos.utc.fr/poleae/logos/comet.jpg', 1, NULL, NULL, NULL, NULL, '2011-05-14 11:37:01', '2011-05-14 11:37:03');

INSERT INTO `article` (`id`, `asso_id`, `name`, `text`, `is_weekmail`, `image`, `created_at`, `updated_at`) VALUES
(1, 2, 'Article test', 'Hey !!\r\n\r\nCeci est mon petit article test...\r\n\r\nLe SiMDE', 0, NULL, '2011-05-14 17:02:02', '2011-05-14 17:02:04'),
(2, 8, 'Test', 'Ceci est un article test.\r\n\r\nLorem ipsum dolor sit amet, consectetur adipiscing elit. In varius, mauris nec sollicitudin molestie, augue velit condimentum augue, quis lobortis tellus erat sed sapien. Pellentesque nunc nisi, pulvinar interdum feugiat sed, iaculis quis magna. Sed ipsum mi, cursus ac facilisis laoreet, hendrerit ut purus. Etiam ut elit vel augue pellentesque sodales. Ut eget libero vitae libero laoreet dapibus ac vel nisl. Nulla consectetur egestas massa et porta. Morbi sit amet leo at metus consectetur blandit ac non purus. Aenean rhoncus semper est, ut aliquet nunc consectetur ac. Suspendisse vulputate euismod justo eu consectetur. Aenean eu sapien magna, et ullamcorper quam. Cum sociis natoque penatibus et magnis dis parturient montes, nascetur ridiculus mus. Cras dictum lobortis pulvinar.\r\n\r\nClass aptent taciti sociosqu ad litora torquent per conubia nostra, per inceptos himenaeos. Morbi id lectus ac enim iaculis varius congue sit amet libero. Pellentesque pretium tortor at ligula suscipit commodo. Proin quis leo massa, id euismod odio. Vivamus ornare eros non libero consequat molestie. Cras condimentum nisl ac libero ornare volutpat. Nunc mattis lorem eget nulla lacinia vitae egestas orci fermentum. Mauris consequat, felis ac sagittis molestie, turpis dui vulputate diam, vitae vulputate purus nunc in orci. Duis enim libero, lobortis vitae molestie in, ultricies at nunc. Sed tincidunt, libero vel porta scelerisque, massa tortor sollicitudin eros, vitae dictum tellus libero et diam. Aliquam quis erat ligula, eu imperdiet justo. Pellentesque dignissim nibh at ligula porttitor porttitor a eget diam. Aliquam ac purus non eros malesuada rhoncus non dignissim risus. Quisque nisi massa, semper luctus placerat vel, gravida porttitor lacus. Donec ut lectus augue. Cras vitae laoreet est. Nullam eu odio quam. Sed ac metus libero.', 0, NULL, '2011-05-14 17:03:00', '2011-05-14 17:03:03'),
(4, 3, 'testdsgvsqvs', '<p><span style="font-family: Arial, Helvetica, sans; font-size: 11px; line-height: 14px;">Lorem ipsum dolor sit amet, consectetur adipiscing elit. Proin mattis arcu ac nisi congue pulvinar. Curabitur quam diam, pulvinar eu interdum vel, venenatis id nunc. Maecenas pulvinar dictum erat, sit amet faucibus dui gravida vitae. Aenean volutpat cursus interdum. Morbi vehicula luctus ipsum in egestas. Quisque sem eros, luctus id volutpat ut, luctus quis tortor. Nulla facilisi. Donec lorem lectus, sodales facilisis viverra sit amet, fermentum nec enim. Quisque scelerisque imperdiet nisl, vel rutrum nibh tincidunt eget. Proin mattis, diam et interdum convallis, nibh metus tristique purus, sed interdum leo neque eget lectus. Suspendisse potenti. Duis sed magna eget ligula pellentesque posuere. Maecenas mi nulla, volutpat aliquet laoreet id, tempus nec ligula. Fusce lacinia accumsan nulla non venenatis.</span></p>', 0, '', '2011-12-10 19:11:43', '2011-12-10 19:11:43');

INSERT INTO `branche` (`id`, `name`) VALUES
(1, 'TC'),
(2, 'GI'),
(3, 'GB'),
(4, 'GP'),
(5, 'GM'),
(6, 'GSM'),
(7, 'GSU');

INSERT INTO `event_type` (`id`, `name`, `color`) VALUES
(1, 'Réunion', '#0000FF'),
(2, 'Perm au pic', '#FF0000');

INSERT INTO `event` (`id`, `asso_id`, `type_id`, `name`, `description`, `start_date`, `end_date`, `is_public`, `is_weekmail`, `place`, `affiche`, `created_at`, `updated_at`) VALUES
(1, 2, 1, 'Fin du monde', 'brgvsfvfdsdfs', '2012-05-09 00:00:00', '2012-05-17 00:00:00', 0, 0, '', 'data:image/jpeg;base64,/9j/4AAQSkZJRgABAQAAAQABAAD/2wBDAAkGBwgHBgkIBwgKCgkLDRYPDQwMDRsUFRAWIB0iIiAdHx8kKDQsJCYxJx8fLT0tMTU3Ojo6Iys/RD84QzQ5Ojf/2wBDAQoKCg0MDRoPDxo3JR8lNzc3Nzc3Nzc3Nzc3Nzc3Nzc3Nzc3Nzc3Nzc3Nzc3Nzc3Nzc3Nzc3Nzc3Nzc3Nzc3Nzf/wAARCACQALQDASIAAhEBAxEB/8QAGwABAAIDAQEAAAAAAAAAAAAAAAQHAwUGAgH/xAA5EAABAwMDAQUGBAQHAQAAAAABAgMRAAQFEiExBhMiQVFhBxQycYGRobHB8BYjQuEVUnKCotHxYv/EABsBAQACAwEBAAAAAAAAAAAAAAAEBQECAwYH/8QAKxEAAgEDAwQBAwQDAAAAAAAAAAECAwQREiExBRNBUbEUIoEkMlLwYaHh/9oADAMBAAIRAxEAPwC8aUpQCvk19PFc9neoUY9CkoSkuGdAKomOT8hXGtWjSjmRvTpyqS0xR0Eik1X1p1bdXF4GhbBYUAEBtZT3v9Un8qz9Gdc/4vcuWd/bu27qXiylTsSFgfAqI358PD78aN5GpysEipY1oJtrg7uleQqvVTCIKUpQClfJqLb5C2uWHHmXkKbaWpDip2SpJhQPyINYbSM4fJLpXJP9cMdrFlaF5nSSHVuhsL3ju8zz4xW+w+Vt8vae820gBRSpKolChyDFc4Vqc3iL3NFOLeEyfSlK6mwpSlAKUpQClKUApSlAKUpQHlzZtRHkaqrqd966zS0IQsBtQaABPG8mPnVrKEpIPiKqrrVq4ss4q4GzLgHeKZKVARH5f3qr6jFvS0WfSnHvPPoye5+5sNXaEklLmrYyTEc+Q5NTb/GsPuZlbCtDtw0HEOtmYKJcbWPUEfWd5rmX+o3nmjblOpKTEJmRE/OP71r8d1evF317bXxW5bqtXCwfFshJIT8uflxxxFtU9MoPyTbihVcdbe6+C7cNd+/4mzvCmFPspcI8iRNTRxXI4TqjAYzDWVm/lbdDjFuhC0qdTKSE8HfY7Hb0NS09d9MKnRl7ZYG8pVO3ntV6tkslA1u8HSUkVoUdXYW4bUq2vEvQQkBveVHYD5zUR7Mvm8RaovW21uNlYC2SCNMavlz4ismMHT+FVtel2x6eyFml4EXGZuNakwJTqLhG/wBjXVsPZN1AU3dWy5EiTBP001w+BxuZzvTLymbppL6MpcPN9oiCs61T4bBUn71wrxc4NLkzLPbkkc8q1ZvbR7J5S6UGkJUGLdsgT9/EkwB5VYHsvtn7Wxfbf1/Cg7mRO+3ziP3tXLYzoy999aC7JNkrtAQ46UrhRPhBP+WR9tqtXF49vHWwZbUVGSpSzyonk1FtqU1NN8IhUabynjGCaKUpViTBSlKAUpSgFKUoBSlKAUpSgB4rV5jFtZBkpWhKp2KVjZQ/Q1tK+VpUpxqR0yNoycXlFXZu1t8LhL62cTo9zdZ0KcJJWhxccDY8EceG9chnMfY3V7ishjUKgJLLrIQEAqAnYCI+MbeIH3sXrO0Ydvsiq60Bn3W3JUCSpMOxwCP81cJ1Mu2xLVqux1JZVczqM7rISZ9PL/bPjWsLeEVk6K6qt4yabBPv5PJC0tsRj13ayEoccCgdJG8kK3nbyrrP4KzTdrJssKhSiChLTAOiYgKBO5iZP58Vy2LxN8zll3GPBUlalKbCeUgkwI+RH2qyMbfXrGsZJtROr45iD57Ef+E1I0rGTjv4NPY4fL2WOfdftGO3RdNo0JZSkJbO5VxueB8jxXQ3zyH0WtvYMtEuWr6VaQEn4Qkn8q1GazS+z7APlTanEBW+wQOZ+w/H1qLmHAhNkjDvK7VKXFOL2hMlHP48f9Vz1RSbMTUspM3eOtrrH6lXDpaKE+M7wDvHl3Sah9I3t9aWqnLNto21w664lKtoJWqVD1mf3Fa1q8yxfYQu5KW+6VNzJKQoDaeOePCJrVWFzmrRluys7nSlqVBvXBAJmPnz+xWO5F752NltHCLIxr109kmjdIhntEBHqYJER8ya62qz6Icyys7bN3zupsIWuBwISRHlO4428iasysqSlujVIUpSsmRSlKAUpSgFKUoBSlKAUpSgFKUoCufaSlfvt0lMALxZUk6QZUl0fjuPT8Kq3MOPZDDrZdcBfa/maAfh33HlwZ2/7q6euLFF3cMa0gk2zyDvuQSg8fQfl41yd5jrdrEXTTTaQXGiJSgHaN5J3+3pUGtfU6dVUXyyVSt3KOteDmuk8g83a2zobUYEaoJ4/wDB9q2+SvLy4aLbOtA31Eo3nYA7eMbfSs3R6mG8IylxxITKjA31jY/I+VdGhFpkLYNIOlMlRLaJUggbbeNbKvKb0prBtKmoJto4V3R2JbeSoGVEKImQUmRHziPmfpitrx+zLSmOyKy2qdaUkQI3g+A9IrrVW1xBSUNFSYGkfDH0+njWh6jYZtrdlNrHbOEBQQdhGrjy5H2qG72LbhscL2k4W8pp+COjKvIuXHA1bBa9ivTJj5z61sh1Jeud1bNqEklKiGdwI5JJrlAXdalulSVJ3SFAhMeg/Gs7b7rqlyQNcydPNbuWFyeW+oqLmTLE9nt29e5l8OLSpDLPdCEBCQZ9OfrVjVWXsoQVX966Ph0Dx8zNWbUmyeaWf8su7STlSTYpSlTCSKUpQClKUApSlAKUpQClKUApSlAcr14tTdvbKGwJcSTO/wAB2qtG8vetJUBcgjRpAWkLBJjbcT4/nVpdbNdpYMK7o0vRKjxKVDaqpfxd0pwkMrk7lYBjznjj7c1RXsG6729FzYOPa3IdlmHwyWUssApkFKEBKU/QbeVTG8/dtt6Gl6XCrUShtMKTHhO/51qLP3f3m7Q6ISZ707gg7f8AVTrS2DStWpIQtKoJUJI+X0FcJJZexPmo8eCQ9eXNyR2r7q0jffYc+Q8Nqy3y2xa2YSk7LMiOOBv+/Goym+xeMKCkBUA6gYH38/LzrNfJQizsyPilQBHrpFcEvviit6on9DUx6NTcBKFOeoKRtEEDYR9qAQyEqCQUjn9/vesd4tSQ5oJBP9M8D/yszIJRpJIBTOwmp8/2nz2SLG9k6RN8ob7JAj61Y1V/7J0qNlerUCP5iRz6VYFWNisUV+fk9JaLFFClfCYMV9qWSBSvhMV9oBSlKAUpSgFKUoBSlKAUpSgOf63TOCcUYhLrZ3Ez3gP1qrn85e2dspm2UpL0nS8ndfERJ8NvCra6qb7TAXve06UBUxMQQf0qlMoD2qgJSDMDxqkv2411jyi76bGM6TT9nOvrLGQBWT/MO5UZ/XnepjVwvUSSJAAEz4CPyqJkEpU4hR0g6ZAO24PyrO331pgAAkeMxWkt4ploktyewtalytRI9fKttelJtbHUpYPfUNMb/DzNai1JKk6dj/f+9S8y44i3sV9kosqKtTm4COI3j9xUXS3Ujj+7FZ1eLlZzjHnb5RrrsIaQEtao1Rv4faprbAUhKe3Sj/UjzHmDX1i2avSQxmMbt/Q4/oMfODUe+Ddg+21cZC10rO62XApIHiSTttUyVOo1hHgFZXDaWks/o7E3DfS+UYtnm1vvKJZUhZidIiTtG9ROsLa66dwTKkZK+eu1IIceU+rdW24AgDx/vW59mGlfTzrjSnlMrullpbgELQIAUk+IME/U1B9qqlOY5q3YYuHnYJ0stKWRMATAPkal9nTQWef+nqbHMHGD/uxvLPCPWWat7xN8+uxRbLCmn3SshwkQZPhGrk0u+q7RlJWza3bzXahkPJRDalkxpBJmZ9ImpuRC77AO+6JUpTjEoSQUlW06fCJ4+tch0/1ULLGs4k425uL5nuNtIbIKjPKgR3fU8eNdnLttRWy59m0YOonJ74/Bk6qu3sf1liXV3jiLRb6S6kqMAaFbR8wNvWujxvU2PyLjrTKnEuIQXAlad1oHJTBM1ynUd2T1vgA6hSlNPINwpttSkNK0q8Y23UOak2jAvfaA7lLdGiwx6HFPvgd1bik6IHmYkn/b51pGU4yePLZ0nGDgs/x/3kldK5FLVzmHLjLu3rbehYT2JAbQSqDyZPnwNhtU89a4ktKWC8pSXeyUhITI2Bn4ojfzn0rlemn2mrzqbuOpQ7bJ7Idko6viG22/xJG1YsdfM23R2UburS6Lr+RKm2F26kOLkIjSCNySCBE71qqlRRwvT+TeVKm5vPtIs2wvGL+0aurRwOMuCUKHjUgVwmBev+kcThMO/jbi7funlF5TCSpLJccKjuBACdW8wNqmnq677PJqOEvALIoAV2SyFyTIHd7xEb6Z5qWqqS+7kiuk2/t4OvpUTF3a77G2t25buW632kuKZdEKbJE6SPMcUrqtzkS6UpQClKUBAzqC7iL1sT3mFjbfwqjr/SFKBAPPnV9XaO0t3UROpBEDx2qiL9pSlHcSDvtVL1NJVISLrpL2kjl8ulXZhSI7p2rLZqCrdDhBIUgwRtvMcfpUu8YLbKnEkakb7VjxbSXmpBBAMaQf3+zXFTTplvpeonW4EojaSIj7Vafs4bbex92242FIOiUrEg/F4VXDOPWCNaXB5d37cx47VZPs3Totb1AHeBR9+9WlpJSuo/n4IPUF+nl+Pk2yujsDK129im1WsypVsotyfOBt+FRm/Z/0wm7RdvYwXLyDKTcurdE/JRI/Ctf/ABbmUYq4yj2KYbs2XlMgqdIWshRSSExxq8z/AH92XVGbvbbE3reLthZ5J1KULS8pSm0kndQgRsD4ner1VIZ4PNprOEdolCEJCUpCUgQABAFIFeVuIbTK1JSPMmK5TrXqp7p6ytrqzYYuGXzCXFO7E7QBHO28+lbymorLMt43OtIFfNKZJAG/jXxLiTAkauSJ4rRozGQ/i04k4pwWAYLnvs92e7A8jyR5iPWstrYG9KRO1YLCyt7C2Tb2yNLYUpW+5JJJJP1NZu0Rv3htzvxXpKgQCkyKztkAAVHubJi4uLZ95GpdssrbPkSkj9alUphMHkAREUIB5r1Ssg87CleqUGEKUpQClKUB5UJmqPyjQZunkDbQ4pMT5Ej61eJFUR7SLLJ4Dql5+zZUbbIuJLKIlt51SjqTz3V7jyn1A2r762dZLHKJ9hcq3m2+GQnkpW2tBTyCCRXjAJOOuCpMKUTwU8+R3/f3r1ZuvurDeWsHbFQ2URDqQfoZqLe5CxtlkNl54kxAYKAT/uqr+nrJOGC6d9byWdR0N3ky/pCUdnuSQIAPekceXFd57OkBu1ukq1B+UFaSPhHej9fwqqMWi+zNyLWz7RgqTKFoVuFSOVRttPG+wieKu3pPAowWMDPauPPuQp15wypRjx/H71MsbHtTU5eCpvb2NWPbprYi+0EFPSt12aRspGx2HxCTX32dgDojDA7xbJ9fOtrmcRa5q191v0uqYmSlDqkT84ImvWHxVphrFFlYIWi3QToQtZXp9BPA9KtNL1NlVp+7UcR02uy6oVmFdQLT757wUMIU5pLLWkQW99jJVvztUX2jps/4PsWsUsO2tsssocSZ06BGx8YIjaumyfQGByORXfPMPturMrSxcLbQsyTJSkjxMnzqTlujsLlrO2srq1Wm0thDLDDqmkIHHCSPCufbljAknKOGcZ1XaPdP9T4C5xV9cquL26ZbeadXrLqSoJUPsVE/KfCpjCHGfa2WO3dWyu3dWEKWTplLciSZO8n0rpbDptLWedyV6o3AYShrHpcJUWUBAClEncrKtW/l8zPsdI4sZsZoC6GQk/zfeXNwdoImIiBEeA8qx22Z07nDdPWCcj1F1NZXN3dpt2WE6VJdKTs47EnlUQOea2HsyzBtcXljlb1KbC2u0tsOuK7oOgakg+XB28zW8v8AomyTbX6sQp62vb1sNOvl9aipGoTIJIJiYkbT5TWwc6TwruCawrlkDYtfC3qIJPiSZkkyZJ5kzWY05J5MKOME05rGi592N9bh7s+17PtBOjmflG9Z8ff2mSthc2Nw2+ySQFtmRIrWq6Wwyr7302CC92Bt950huNMBMxxt8ql4XD2OEsjaY1jsWStTihqKipR5JJ3JrqtXk2NhSlK3ApSlAKUpQClKUAqPeWdvfW67e8YbfYWIU24kKB+hqRSgORyHs/xl4nS1dX1sk8oQ8Fj/AJhUfStFZ+x3Fs3BeusrkLn/AOFBAA/41ZdK00R9DJq8Pgcdhmg3YW6W4/q5UfrWzFfaVslgClKVkClKUApSlAKUpQClKUApSlAKUpQH/9k=', '2011-05-15 21:30:31', '2011-05-15 21:30:31'),
(2, 2, 2, 'Deuxieme fin du monde', 'fdgfdg', '2012-05-18 00:00:00', '2012-05-19 00:00:00', 0, 0, '', 'data:image/jpeg;base64,/9j/4AAQSkZJRgABAQAAAQABAAD/2wBDAAkGBwgHBgkIBwgKCgkLDRYPDQwMDRsUFRAWIB0iIiAdHx8kKDQsJCYxJx8fLT0tMTU3Ojo6Iys/RD84QzQ5Ojf/2wBDAQoKCg0MDRoPDxo3JR8lNzc3Nzc3Nzc3Nzc3Nzc3Nzc3Nzc3Nzc3Nzc3Nzc3Nzc3Nzc3Nzc3Nzc3Nzc3Nzc3Nzf/wAARCACQALQDASIAAhEBAxEB/8QAGwABAAIDAQEAAAAAAAAAAAAAAAQHAwUGAgH/xAA5EAABAwMDAQUGBAQHAQAAAAABAgMRAAQFEiExBhMiQVFhBxQycYGRobHB8BYjQuEVUnKCotHxYv/EABsBAQACAwEBAAAAAAAAAAAAAAAEBQECAwYH/8QAKxEAAgEDAwQBAwQDAAAAAAAAAAECAwQREiExBRNBUbEUIoEkMlLwYaHh/9oADAMBAAIRAxEAPwC8aUpQCvk19PFc9neoUY9CkoSkuGdAKomOT8hXGtWjSjmRvTpyqS0xR0Eik1X1p1bdXF4GhbBYUAEBtZT3v9Un8qz9Gdc/4vcuWd/bu27qXiylTsSFgfAqI358PD78aN5GpysEipY1oJtrg7uleQqvVTCIKUpQClfJqLb5C2uWHHmXkKbaWpDip2SpJhQPyINYbSM4fJLpXJP9cMdrFlaF5nSSHVuhsL3ju8zz4xW+w+Vt8vae820gBRSpKolChyDFc4Vqc3iL3NFOLeEyfSlK6mwpSlAKUpQClKUApSlAKUpQHlzZtRHkaqrqd966zS0IQsBtQaABPG8mPnVrKEpIPiKqrrVq4ss4q4GzLgHeKZKVARH5f3qr6jFvS0WfSnHvPPoye5+5sNXaEklLmrYyTEc+Q5NTb/GsPuZlbCtDtw0HEOtmYKJcbWPUEfWd5rmX+o3nmjblOpKTEJmRE/OP71r8d1evF317bXxW5bqtXCwfFshJIT8uflxxxFtU9MoPyTbihVcdbe6+C7cNd+/4mzvCmFPspcI8iRNTRxXI4TqjAYzDWVm/lbdDjFuhC0qdTKSE8HfY7Hb0NS09d9MKnRl7ZYG8pVO3ntV6tkslA1u8HSUkVoUdXYW4bUq2vEvQQkBveVHYD5zUR7Mvm8RaovW21uNlYC2SCNMavlz4ismMHT+FVtel2x6eyFml4EXGZuNakwJTqLhG/wBjXVsPZN1AU3dWy5EiTBP001w+BxuZzvTLymbppL6MpcPN9oiCs61T4bBUn71wrxc4NLkzLPbkkc8q1ZvbR7J5S6UGkJUGLdsgT9/EkwB5VYHsvtn7Wxfbf1/Cg7mRO+3ziP3tXLYzoy999aC7JNkrtAQ46UrhRPhBP+WR9tqtXF49vHWwZbUVGSpSzyonk1FtqU1NN8IhUabynjGCaKUpViTBSlKAUpSgFKUoBSlKAUpSgB4rV5jFtZBkpWhKp2KVjZQ/Q1tK+VpUpxqR0yNoycXlFXZu1t8LhL62cTo9zdZ0KcJJWhxccDY8EceG9chnMfY3V7ishjUKgJLLrIQEAqAnYCI+MbeIH3sXrO0Ydvsiq60Bn3W3JUCSpMOxwCP81cJ1Mu2xLVqux1JZVczqM7rISZ9PL/bPjWsLeEVk6K6qt4yabBPv5PJC0tsRj13ayEoccCgdJG8kK3nbyrrP4KzTdrJssKhSiChLTAOiYgKBO5iZP58Vy2LxN8zll3GPBUlalKbCeUgkwI+RH2qyMbfXrGsZJtROr45iD57Ef+E1I0rGTjv4NPY4fL2WOfdftGO3RdNo0JZSkJbO5VxueB8jxXQ3zyH0WtvYMtEuWr6VaQEn4Qkn8q1GazS+z7APlTanEBW+wQOZ+w/H1qLmHAhNkjDvK7VKXFOL2hMlHP48f9Vz1RSbMTUspM3eOtrrH6lXDpaKE+M7wDvHl3Sah9I3t9aWqnLNto21w664lKtoJWqVD1mf3Fa1q8yxfYQu5KW+6VNzJKQoDaeOePCJrVWFzmrRluys7nSlqVBvXBAJmPnz+xWO5F752NltHCLIxr109kmjdIhntEBHqYJER8ya62qz6Icyys7bN3zupsIWuBwISRHlO4428iasysqSlujVIUpSsmRSlKAUpSgFKUoBSlKAUpSgFKUoCufaSlfvt0lMALxZUk6QZUl0fjuPT8Kq3MOPZDDrZdcBfa/maAfh33HlwZ2/7q6euLFF3cMa0gk2zyDvuQSg8fQfl41yd5jrdrEXTTTaQXGiJSgHaN5J3+3pUGtfU6dVUXyyVSt3KOteDmuk8g83a2zobUYEaoJ4/wDB9q2+SvLy4aLbOtA31Eo3nYA7eMbfSs3R6mG8IylxxITKjA31jY/I+VdGhFpkLYNIOlMlRLaJUggbbeNbKvKb0prBtKmoJto4V3R2JbeSoGVEKImQUmRHziPmfpitrx+zLSmOyKy2qdaUkQI3g+A9IrrVW1xBSUNFSYGkfDH0+njWh6jYZtrdlNrHbOEBQQdhGrjy5H2qG72LbhscL2k4W8pp+COjKvIuXHA1bBa9ivTJj5z61sh1Jeud1bNqEklKiGdwI5JJrlAXdalulSVJ3SFAhMeg/Gs7b7rqlyQNcydPNbuWFyeW+oqLmTLE9nt29e5l8OLSpDLPdCEBCQZ9OfrVjVWXsoQVX966Ph0Dx8zNWbUmyeaWf8su7STlSTYpSlTCSKUpQClKUApSlAKUpQClKUApSlAcr14tTdvbKGwJcSTO/wAB2qtG8vetJUBcgjRpAWkLBJjbcT4/nVpdbNdpYMK7o0vRKjxKVDaqpfxd0pwkMrk7lYBjznjj7c1RXsG6729FzYOPa3IdlmHwyWUssApkFKEBKU/QbeVTG8/dtt6Gl6XCrUShtMKTHhO/51qLP3f3m7Q6ISZ707gg7f8AVTrS2DStWpIQtKoJUJI+X0FcJJZexPmo8eCQ9eXNyR2r7q0jffYc+Q8Nqy3y2xa2YSk7LMiOOBv+/Goym+xeMKCkBUA6gYH38/LzrNfJQizsyPilQBHrpFcEvviit6on9DUx6NTcBKFOeoKRtEEDYR9qAQyEqCQUjn9/vesd4tSQ5oJBP9M8D/yszIJRpJIBTOwmp8/2nz2SLG9k6RN8ob7JAj61Y1V/7J0qNlerUCP5iRz6VYFWNisUV+fk9JaLFFClfCYMV9qWSBSvhMV9oBSlKAUpSgFKUoBSlKAUpSgOf63TOCcUYhLrZ3Ez3gP1qrn85e2dspm2UpL0nS8ndfERJ8NvCra6qb7TAXve06UBUxMQQf0qlMoD2qgJSDMDxqkv2411jyi76bGM6TT9nOvrLGQBWT/MO5UZ/XnepjVwvUSSJAAEz4CPyqJkEpU4hR0g6ZAO24PyrO331pgAAkeMxWkt4ploktyewtalytRI9fKttelJtbHUpYPfUNMb/DzNai1JKk6dj/f+9S8y44i3sV9kosqKtTm4COI3j9xUXS3Ujj+7FZ1eLlZzjHnb5RrrsIaQEtao1Rv4faprbAUhKe3Sj/UjzHmDX1i2avSQxmMbt/Q4/oMfODUe+Ddg+21cZC10rO62XApIHiSTttUyVOo1hHgFZXDaWks/o7E3DfS+UYtnm1vvKJZUhZidIiTtG9ROsLa66dwTKkZK+eu1IIceU+rdW24AgDx/vW59mGlfTzrjSnlMrullpbgELQIAUk+IME/U1B9qqlOY5q3YYuHnYJ0stKWRMATAPkal9nTQWef+nqbHMHGD/uxvLPCPWWat7xN8+uxRbLCmn3SshwkQZPhGrk0u+q7RlJWza3bzXahkPJRDalkxpBJmZ9ImpuRC77AO+6JUpTjEoSQUlW06fCJ4+tch0/1ULLGs4k425uL5nuNtIbIKjPKgR3fU8eNdnLttRWy59m0YOonJ74/Bk6qu3sf1liXV3jiLRb6S6kqMAaFbR8wNvWujxvU2PyLjrTKnEuIQXAlad1oHJTBM1ynUd2T1vgA6hSlNPINwpttSkNK0q8Y23UOak2jAvfaA7lLdGiwx6HFPvgd1bik6IHmYkn/b51pGU4yePLZ0nGDgs/x/3kldK5FLVzmHLjLu3rbehYT2JAbQSqDyZPnwNhtU89a4ktKWC8pSXeyUhITI2Bn4ojfzn0rlemn2mrzqbuOpQ7bJ7Idko6viG22/xJG1YsdfM23R2UburS6Lr+RKm2F26kOLkIjSCNySCBE71qqlRRwvT+TeVKm5vPtIs2wvGL+0aurRwOMuCUKHjUgVwmBev+kcThMO/jbi7funlF5TCSpLJccKjuBACdW8wNqmnq677PJqOEvALIoAV2SyFyTIHd7xEb6Z5qWqqS+7kiuk2/t4OvpUTF3a77G2t25buW632kuKZdEKbJE6SPMcUrqtzkS6UpQClKUBAzqC7iL1sT3mFjbfwqjr/SFKBAPPnV9XaO0t3UROpBEDx2qiL9pSlHcSDvtVL1NJVISLrpL2kjl8ulXZhSI7p2rLZqCrdDhBIUgwRtvMcfpUu8YLbKnEkakb7VjxbSXmpBBAMaQf3+zXFTTplvpeonW4EojaSIj7Vafs4bbex92242FIOiUrEg/F4VXDOPWCNaXB5d37cx47VZPs3Totb1AHeBR9+9WlpJSuo/n4IPUF+nl+Pk2yujsDK129im1WsypVsotyfOBt+FRm/Z/0wm7RdvYwXLyDKTcurdE/JRI/Ctf/ABbmUYq4yj2KYbs2XlMgqdIWshRSSExxq8z/AH92XVGbvbbE3reLthZ5J1KULS8pSm0kndQgRsD4ner1VIZ4PNprOEdolCEJCUpCUgQABAFIFeVuIbTK1JSPMmK5TrXqp7p6ytrqzYYuGXzCXFO7E7QBHO28+lbymorLMt43OtIFfNKZJAG/jXxLiTAkauSJ4rRozGQ/i04k4pwWAYLnvs92e7A8jyR5iPWstrYG9KRO1YLCyt7C2Tb2yNLYUpW+5JJJJP1NZu0Rv3htzvxXpKgQCkyKztkAAVHubJi4uLZ95GpdssrbPkSkj9alUphMHkAREUIB5r1Ssg87CleqUGEKUpQClKUB5UJmqPyjQZunkDbQ4pMT5Ej61eJFUR7SLLJ4Dql5+zZUbbIuJLKIlt51SjqTz3V7jyn1A2r762dZLHKJ9hcq3m2+GQnkpW2tBTyCCRXjAJOOuCpMKUTwU8+R3/f3r1ZuvurDeWsHbFQ2URDqQfoZqLe5CxtlkNl54kxAYKAT/uqr+nrJOGC6d9byWdR0N3ky/pCUdnuSQIAPekceXFd57OkBu1ukq1B+UFaSPhHej9fwqqMWi+zNyLWz7RgqTKFoVuFSOVRttPG+wieKu3pPAowWMDPauPPuQp15wypRjx/H71MsbHtTU5eCpvb2NWPbprYi+0EFPSt12aRspGx2HxCTX32dgDojDA7xbJ9fOtrmcRa5q191v0uqYmSlDqkT84ImvWHxVphrFFlYIWi3QToQtZXp9BPA9KtNL1NlVp+7UcR02uy6oVmFdQLT757wUMIU5pLLWkQW99jJVvztUX2jps/4PsWsUsO2tsssocSZ06BGx8YIjaumyfQGByORXfPMPturMrSxcLbQsyTJSkjxMnzqTlujsLlrO2srq1Wm0thDLDDqmkIHHCSPCufbljAknKOGcZ1XaPdP9T4C5xV9cquL26ZbeadXrLqSoJUPsVE/KfCpjCHGfa2WO3dWyu3dWEKWTplLciSZO8n0rpbDptLWedyV6o3AYShrHpcJUWUBAClEncrKtW/l8zPsdI4sZsZoC6GQk/zfeXNwdoImIiBEeA8qx22Z07nDdPWCcj1F1NZXN3dpt2WE6VJdKTs47EnlUQOea2HsyzBtcXljlb1KbC2u0tsOuK7oOgakg+XB28zW8v8AomyTbX6sQp62vb1sNOvl9aipGoTIJIJiYkbT5TWwc6TwruCawrlkDYtfC3qIJPiSZkkyZJ5kzWY05J5MKOME05rGi592N9bh7s+17PtBOjmflG9Z8ff2mSthc2Nw2+ySQFtmRIrWq6Wwyr7302CC92Bt950huNMBMxxt8ql4XD2OEsjaY1jsWStTihqKipR5JJ3JrqtXk2NhSlK3ApSlAKUpQClKUAqPeWdvfW67e8YbfYWIU24kKB+hqRSgORyHs/xl4nS1dX1sk8oQ8Fj/AJhUfStFZ+x3Fs3BeusrkLn/AOFBAA/41ZdK00R9DJq8Pgcdhmg3YW6W4/q5UfrWzFfaVslgClKVkClKUApSlAKUpQClKUApSlAKUpQH/9k=', '2011-05-15 21:31:40', '2011-05-15 21:31:40'),
(3, 6, 2, 'Salad''way', 'Viens composer ta salade &agrave; 1&euro;50 !', '2011-10-07 00:00:00', '2011-10-07 00:00:00', 1, 1, 'PIC', 'data:image/jpeg;base64,/9j/4AAQSkZJRgABAQAAAQABAAD/2wBDAAkGBwgHBgkIBwgKCgkLDRYPDQwMDRsUFRAWIB0iIiAdHx8kKDQsJCYxJx8fLT0tMTU3Ojo6Iys/RD84QzQ5Ojf/2wBDAQoKCg0MDRoPDxo3JR8lNzc3Nzc3Nzc3Nzc3Nzc3Nzc3Nzc3Nzc3Nzc3Nzc3Nzc3Nzc3Nzc3Nzc3Nzc3Nzc3Nzf/wAARCACQALQDASIAAhEBAxEB/8QAGwABAAIDAQEAAAAAAAAAAAAAAAQHAwUGAgH/xAA5EAABAwMDAQUGBAQHAQAAAAABAgMRAAQFEiExBhMiQVFhBxQycYGRobHB8BYjQuEVUnKCotHxYv/EABsBAQACAwEBAAAAAAAAAAAAAAAEBQECAwYH/8QAKxEAAgEDAwQBAwQDAAAAAAAAAAECAwQREiExBRNBUbEUIoEkMlLwYaHh/9oADAMBAAIRAxEAPwC8aUpQCvk19PFc9neoUY9CkoSkuGdAKomOT8hXGtWjSjmRvTpyqS0xR0Eik1X1p1bdXF4GhbBYUAEBtZT3v9Un8qz9Gdc/4vcuWd/bu27qXiylTsSFgfAqI358PD78aN5GpysEipY1oJtrg7uleQqvVTCIKUpQClfJqLb5C2uWHHmXkKbaWpDip2SpJhQPyINYbSM4fJLpXJP9cMdrFlaF5nSSHVuhsL3ju8zz4xW+w+Vt8vae820gBRSpKolChyDFc4Vqc3iL3NFOLeEyfSlK6mwpSlAKUpQClKUApSlAKUpQHlzZtRHkaqrqd966zS0IQsBtQaABPG8mPnVrKEpIPiKqrrVq4ss4q4GzLgHeKZKVARH5f3qr6jFvS0WfSnHvPPoye5+5sNXaEklLmrYyTEc+Q5NTb/GsPuZlbCtDtw0HEOtmYKJcbWPUEfWd5rmX+o3nmjblOpKTEJmRE/OP71r8d1evF317bXxW5bqtXCwfFshJIT8uflxxxFtU9MoPyTbihVcdbe6+C7cNd+/4mzvCmFPspcI8iRNTRxXI4TqjAYzDWVm/lbdDjFuhC0qdTKSE8HfY7Hb0NS09d9MKnRl7ZYG8pVO3ntV6tkslA1u8HSUkVoUdXYW4bUq2vEvQQkBveVHYD5zUR7Mvm8RaovW21uNlYC2SCNMavlz4ismMHT+FVtel2x6eyFml4EXGZuNakwJTqLhG/wBjXVsPZN1AU3dWy5EiTBP001w+BxuZzvTLymbppL6MpcPN9oiCs61T4bBUn71wrxc4NLkzLPbkkc8q1ZvbR7J5S6UGkJUGLdsgT9/EkwB5VYHsvtn7Wxfbf1/Cg7mRO+3ziP3tXLYzoy999aC7JNkrtAQ46UrhRPhBP+WR9tqtXF49vHWwZbUVGSpSzyonk1FtqU1NN8IhUabynjGCaKUpViTBSlKAUpSgFKUoBSlKAUpSgB4rV5jFtZBkpWhKp2KVjZQ/Q1tK+VpUpxqR0yNoycXlFXZu1t8LhL62cTo9zdZ0KcJJWhxccDY8EceG9chnMfY3V7ishjUKgJLLrIQEAqAnYCI+MbeIH3sXrO0Ydvsiq60Bn3W3JUCSpMOxwCP81cJ1Mu2xLVqux1JZVczqM7rISZ9PL/bPjWsLeEVk6K6qt4yabBPv5PJC0tsRj13ayEoccCgdJG8kK3nbyrrP4KzTdrJssKhSiChLTAOiYgKBO5iZP58Vy2LxN8zll3GPBUlalKbCeUgkwI+RH2qyMbfXrGsZJtROr45iD57Ef+E1I0rGTjv4NPY4fL2WOfdftGO3RdNo0JZSkJbO5VxueB8jxXQ3zyH0WtvYMtEuWr6VaQEn4Qkn8q1GazS+z7APlTanEBW+wQOZ+w/H1qLmHAhNkjDvK7VKXFOL2hMlHP48f9Vz1RSbMTUspM3eOtrrH6lXDpaKE+M7wDvHl3Sah9I3t9aWqnLNto21w664lKtoJWqVD1mf3Fa1q8yxfYQu5KW+6VNzJKQoDaeOePCJrVWFzmrRluys7nSlqVBvXBAJmPnz+xWO5F752NltHCLIxr109kmjdIhntEBHqYJER8ya62qz6Icyys7bN3zupsIWuBwISRHlO4428iasysqSlujVIUpSsmRSlKAUpSgFKUoBSlKAUpSgFKUoCufaSlfvt0lMALxZUk6QZUl0fjuPT8Kq3MOPZDDrZdcBfa/maAfh33HlwZ2/7q6euLFF3cMa0gk2zyDvuQSg8fQfl41yd5jrdrEXTTTaQXGiJSgHaN5J3+3pUGtfU6dVUXyyVSt3KOteDmuk8g83a2zobUYEaoJ4/wDB9q2+SvLy4aLbOtA31Eo3nYA7eMbfSs3R6mG8IylxxITKjA31jY/I+VdGhFpkLYNIOlMlRLaJUggbbeNbKvKb0prBtKmoJto4V3R2JbeSoGVEKImQUmRHziPmfpitrx+zLSmOyKy2qdaUkQI3g+A9IrrVW1xBSUNFSYGkfDH0+njWh6jYZtrdlNrHbOEBQQdhGrjy5H2qG72LbhscL2k4W8pp+COjKvIuXHA1bBa9ivTJj5z61sh1Jeud1bNqEklKiGdwI5JJrlAXdalulSVJ3SFAhMeg/Gs7b7rqlyQNcydPNbuWFyeW+oqLmTLE9nt29e5l8OLSpDLPdCEBCQZ9OfrVjVWXsoQVX966Ph0Dx8zNWbUmyeaWf8su7STlSTYpSlTCSKUpQClKUApSlAKUpQClKUApSlAcr14tTdvbKGwJcSTO/wAB2qtG8vetJUBcgjRpAWkLBJjbcT4/nVpdbNdpYMK7o0vRKjxKVDaqpfxd0pwkMrk7lYBjznjj7c1RXsG6729FzYOPa3IdlmHwyWUssApkFKEBKU/QbeVTG8/dtt6Gl6XCrUShtMKTHhO/51qLP3f3m7Q6ISZ707gg7f8AVTrS2DStWpIQtKoJUJI+X0FcJJZexPmo8eCQ9eXNyR2r7q0jffYc+Q8Nqy3y2xa2YSk7LMiOOBv+/Goym+xeMKCkBUA6gYH38/LzrNfJQizsyPilQBHrpFcEvviit6on9DUx6NTcBKFOeoKRtEEDYR9qAQyEqCQUjn9/vesd4tSQ5oJBP9M8D/yszIJRpJIBTOwmp8/2nz2SLG9k6RN8ob7JAj61Y1V/7J0qNlerUCP5iRz6VYFWNisUV+fk9JaLFFClfCYMV9qWSBSvhMV9oBSlKAUpSgFKUoBSlKAUpSgOf63TOCcUYhLrZ3Ez3gP1qrn85e2dspm2UpL0nS8ndfERJ8NvCra6qb7TAXve06UBUxMQQf0qlMoD2qgJSDMDxqkv2411jyi76bGM6TT9nOvrLGQBWT/MO5UZ/XnepjVwvUSSJAAEz4CPyqJkEpU4hR0g6ZAO24PyrO331pgAAkeMxWkt4ploktyewtalytRI9fKttelJtbHUpYPfUNMb/DzNai1JKk6dj/f+9S8y44i3sV9kosqKtTm4COI3j9xUXS3Ujj+7FZ1eLlZzjHnb5RrrsIaQEtao1Rv4faprbAUhKe3Sj/UjzHmDX1i2avSQxmMbt/Q4/oMfODUe+Ddg+21cZC10rO62XApIHiSTttUyVOo1hHgFZXDaWks/o7E3DfS+UYtnm1vvKJZUhZidIiTtG9ROsLa66dwTKkZK+eu1IIceU+rdW24AgDx/vW59mGlfTzrjSnlMrullpbgELQIAUk+IME/U1B9qqlOY5q3YYuHnYJ0stKWRMATAPkal9nTQWef+nqbHMHGD/uxvLPCPWWat7xN8+uxRbLCmn3SshwkQZPhGrk0u+q7RlJWza3bzXahkPJRDalkxpBJmZ9ImpuRC77AO+6JUpTjEoSQUlW06fCJ4+tch0/1ULLGs4k425uL5nuNtIbIKjPKgR3fU8eNdnLttRWy59m0YOonJ74/Bk6qu3sf1liXV3jiLRb6S6kqMAaFbR8wNvWujxvU2PyLjrTKnEuIQXAlad1oHJTBM1ynUd2T1vgA6hSlNPINwpttSkNK0q8Y23UOak2jAvfaA7lLdGiwx6HFPvgd1bik6IHmYkn/b51pGU4yePLZ0nGDgs/x/3kldK5FLVzmHLjLu3rbehYT2JAbQSqDyZPnwNhtU89a4ktKWC8pSXeyUhITI2Bn4ojfzn0rlemn2mrzqbuOpQ7bJ7Idko6viG22/xJG1YsdfM23R2UburS6Lr+RKm2F26kOLkIjSCNySCBE71qqlRRwvT+TeVKm5vPtIs2wvGL+0aurRwOMuCUKHjUgVwmBev+kcThMO/jbi7funlF5TCSpLJccKjuBACdW8wNqmnq677PJqOEvALIoAV2SyFyTIHd7xEb6Z5qWqqS+7kiuk2/t4OvpUTF3a77G2t25buW632kuKZdEKbJE6SPMcUrqtzkS6UpQClKUBAzqC7iL1sT3mFjbfwqjr/SFKBAPPnV9XaO0t3UROpBEDx2qiL9pSlHcSDvtVL1NJVISLrpL2kjl8ulXZhSI7p2rLZqCrdDhBIUgwRtvMcfpUu8YLbKnEkakb7VjxbSXmpBBAMaQf3+zXFTTplvpeonW4EojaSIj7Vafs4bbex92242FIOiUrEg/F4VXDOPWCNaXB5d37cx47VZPs3Totb1AHeBR9+9WlpJSuo/n4IPUF+nl+Pk2yujsDK129im1WsypVsotyfOBt+FRm/Z/0wm7RdvYwXLyDKTcurdE/JRI/Ctf/ABbmUYq4yj2KYbs2XlMgqdIWshRSSExxq8z/AH92XVGbvbbE3reLthZ5J1KULS8pSm0kndQgRsD4ner1VIZ4PNprOEdolCEJCUpCUgQABAFIFeVuIbTK1JSPMmK5TrXqp7p6ytrqzYYuGXzCXFO7E7QBHO28+lbymorLMt43OtIFfNKZJAG/jXxLiTAkauSJ4rRozGQ/i04k4pwWAYLnvs92e7A8jyR5iPWstrYG9KRO1YLCyt7C2Tb2yNLYUpW+5JJJJP1NZu0Rv3htzvxXpKgQCkyKztkAAVHubJi4uLZ95GpdssrbPkSkj9alUphMHkAREUIB5r1Ssg87CleqUGEKUpQClKUB5UJmqPyjQZunkDbQ4pMT5Ej61eJFUR7SLLJ4Dql5+zZUbbIuJLKIlt51SjqTz3V7jyn1A2r762dZLHKJ9hcq3m2+GQnkpW2tBTyCCRXjAJOOuCpMKUTwU8+R3/f3r1ZuvurDeWsHbFQ2URDqQfoZqLe5CxtlkNl54kxAYKAT/uqr+nrJOGC6d9byWdR0N3ky/pCUdnuSQIAPekceXFd57OkBu1ukq1B+UFaSPhHej9fwqqMWi+zNyLWz7RgqTKFoVuFSOVRttPG+wieKu3pPAowWMDPauPPuQp15wypRjx/H71MsbHtTU5eCpvb2NWPbprYi+0EFPSt12aRspGx2HxCTX32dgDojDA7xbJ9fOtrmcRa5q191v0uqYmSlDqkT84ImvWHxVphrFFlYIWi3QToQtZXp9BPA9KtNL1NlVp+7UcR02uy6oVmFdQLT757wUMIU5pLLWkQW99jJVvztUX2jps/4PsWsUsO2tsssocSZ06BGx8YIjaumyfQGByORXfPMPturMrSxcLbQsyTJSkjxMnzqTlujsLlrO2srq1Wm0thDLDDqmkIHHCSPCufbljAknKOGcZ1XaPdP9T4C5xV9cquL26ZbeadXrLqSoJUPsVE/KfCpjCHGfa2WO3dWyu3dWEKWTplLciSZO8n0rpbDptLWedyV6o3AYShrHpcJUWUBAClEncrKtW/l8zPsdI4sZsZoC6GQk/zfeXNwdoImIiBEeA8qx22Z07nDdPWCcj1F1NZXN3dpt2WE6VJdKTs47EnlUQOea2HsyzBtcXljlb1KbC2u0tsOuK7oOgakg+XB28zW8v8AomyTbX6sQp62vb1sNOvl9aipGoTIJIJiYkbT5TWwc6TwruCawrlkDYtfC3qIJPiSZkkyZJ5kzWY05J5MKOME05rGi592N9bh7s+17PtBOjmflG9Z8ff2mSthc2Nw2+ySQFtmRIrWq6Wwyr7302CC92Bt950huNMBMxxt8ql4XD2OEsjaY1jsWStTihqKipR5JJ3JrqtXk2NhSlK3ApSlAKUpQClKUAqPeWdvfW67e8YbfYWIU24kKB+hqRSgORyHs/xl4nS1dX1sk8oQ8Fj/AJhUfStFZ+x3Fs3BeusrkLn/AOFBAA/41ZdK00R9DJq8Pgcdhmg3YW6W4/q5UfrWzFfaVslgClKVkClKUApSlAKUpQClKUApSlAKUpQH/9k=', '2011-10-02 19:36:55', '2011-10-02 19:36:55'),
(4, 3, NULL, 'Vidéo parc astérix', 'un truc de malade !', '2011-10-03 00:00:00', '2011-10-06 00:00:00', 1, 0, 'en ligne', 'data:image/jpeg;base64,/9j/4AAQSkZJRgABAQAAAQABAAD/2wBDAAkGBwgHBgkIBwgKCgkLDRYPDQwMDRsUFRAWIB0iIiAdHx8kKDQsJCYxJx8fLT0tMTU3Ojo6Iys/RD84QzQ5Ojf/2wBDAQoKCg0MDRoPDxo3JR8lNzc3Nzc3Nzc3Nzc3Nzc3Nzc3Nzc3Nzc3Nzc3Nzc3Nzc3Nzc3Nzc3Nzc3Nzc3Nzc3Nzf/wAARCACQALQDASIAAhEBAxEB/8QAGwABAAIDAQEAAAAAAAAAAAAAAAQHAwUGAgH/xAA5EAABAwMDAQUGBAQHAQAAAAABAgMRAAQFEiExBhMiQVFhBxQycYGRobHB8BYjQuEVUnKCotHxYv/EABsBAQACAwEBAAAAAAAAAAAAAAAEBQECAwYH/8QAKxEAAgEDAwQBAwQDAAAAAAAAAAECAwQREiExBRNBUbEUIoEkMlLwYaHh/9oADAMBAAIRAxEAPwC8aUpQCvk19PFc9neoUY9CkoSkuGdAKomOT8hXGtWjSjmRvTpyqS0xR0Eik1X1p1bdXF4GhbBYUAEBtZT3v9Un8qz9Gdc/4vcuWd/bu27qXiylTsSFgfAqI358PD78aN5GpysEipY1oJtrg7uleQqvVTCIKUpQClfJqLb5C2uWHHmXkKbaWpDip2SpJhQPyINYbSM4fJLpXJP9cMdrFlaF5nSSHVuhsL3ju8zz4xW+w+Vt8vae820gBRSpKolChyDFc4Vqc3iL3NFOLeEyfSlK6mwpSlAKUpQClKUApSlAKUpQHlzZtRHkaqrqd966zS0IQsBtQaABPG8mPnVrKEpIPiKqrrVq4ss4q4GzLgHeKZKVARH5f3qr6jFvS0WfSnHvPPoye5+5sNXaEklLmrYyTEc+Q5NTb/GsPuZlbCtDtw0HEOtmYKJcbWPUEfWd5rmX+o3nmjblOpKTEJmRE/OP71r8d1evF317bXxW5bqtXCwfFshJIT8uflxxxFtU9MoPyTbihVcdbe6+C7cNd+/4mzvCmFPspcI8iRNTRxXI4TqjAYzDWVm/lbdDjFuhC0qdTKSE8HfY7Hb0NS09d9MKnRl7ZYG8pVO3ntV6tkslA1u8HSUkVoUdXYW4bUq2vEvQQkBveVHYD5zUR7Mvm8RaovW21uNlYC2SCNMavlz4ismMHT+FVtel2x6eyFml4EXGZuNakwJTqLhG/wBjXVsPZN1AU3dWy5EiTBP001w+BxuZzvTLymbppL6MpcPN9oiCs61T4bBUn71wrxc4NLkzLPbkkc8q1ZvbR7J5S6UGkJUGLdsgT9/EkwB5VYHsvtn7Wxfbf1/Cg7mRO+3ziP3tXLYzoy999aC7JNkrtAQ46UrhRPhBP+WR9tqtXF49vHWwZbUVGSpSzyonk1FtqU1NN8IhUabynjGCaKUpViTBSlKAUpSgFKUoBSlKAUpSgB4rV5jFtZBkpWhKp2KVjZQ/Q1tK+VpUpxqR0yNoycXlFXZu1t8LhL62cTo9zdZ0KcJJWhxccDY8EceG9chnMfY3V7ishjUKgJLLrIQEAqAnYCI+MbeIH3sXrO0Ydvsiq60Bn3W3JUCSpMOxwCP81cJ1Mu2xLVqux1JZVczqM7rISZ9PL/bPjWsLeEVk6K6qt4yabBPv5PJC0tsRj13ayEoccCgdJG8kK3nbyrrP4KzTdrJssKhSiChLTAOiYgKBO5iZP58Vy2LxN8zll3GPBUlalKbCeUgkwI+RH2qyMbfXrGsZJtROr45iD57Ef+E1I0rGTjv4NPY4fL2WOfdftGO3RdNo0JZSkJbO5VxueB8jxXQ3zyH0WtvYMtEuWr6VaQEn4Qkn8q1GazS+z7APlTanEBW+wQOZ+w/H1qLmHAhNkjDvK7VKXFOL2hMlHP48f9Vz1RSbMTUspM3eOtrrH6lXDpaKE+M7wDvHl3Sah9I3t9aWqnLNto21w664lKtoJWqVD1mf3Fa1q8yxfYQu5KW+6VNzJKQoDaeOePCJrVWFzmrRluys7nSlqVBvXBAJmPnz+xWO5F752NltHCLIxr109kmjdIhntEBHqYJER8ya62qz6Icyys7bN3zupsIWuBwISRHlO4428iasysqSlujVIUpSsmRSlKAUpSgFKUoBSlKAUpSgFKUoCufaSlfvt0lMALxZUk6QZUl0fjuPT8Kq3MOPZDDrZdcBfa/maAfh33HlwZ2/7q6euLFF3cMa0gk2zyDvuQSg8fQfl41yd5jrdrEXTTTaQXGiJSgHaN5J3+3pUGtfU6dVUXyyVSt3KOteDmuk8g83a2zobUYEaoJ4/wDB9q2+SvLy4aLbOtA31Eo3nYA7eMbfSs3R6mG8IylxxITKjA31jY/I+VdGhFpkLYNIOlMlRLaJUggbbeNbKvKb0prBtKmoJto4V3R2JbeSoGVEKImQUmRHziPmfpitrx+zLSmOyKy2qdaUkQI3g+A9IrrVW1xBSUNFSYGkfDH0+njWh6jYZtrdlNrHbOEBQQdhGrjy5H2qG72LbhscL2k4W8pp+COjKvIuXHA1bBa9ivTJj5z61sh1Jeud1bNqEklKiGdwI5JJrlAXdalulSVJ3SFAhMeg/Gs7b7rqlyQNcydPNbuWFyeW+oqLmTLE9nt29e5l8OLSpDLPdCEBCQZ9OfrVjVWXsoQVX966Ph0Dx8zNWbUmyeaWf8su7STlSTYpSlTCSKUpQClKUApSlAKUpQClKUApSlAcr14tTdvbKGwJcSTO/wAB2qtG8vetJUBcgjRpAWkLBJjbcT4/nVpdbNdpYMK7o0vRKjxKVDaqpfxd0pwkMrk7lYBjznjj7c1RXsG6729FzYOPa3IdlmHwyWUssApkFKEBKU/QbeVTG8/dtt6Gl6XCrUShtMKTHhO/51qLP3f3m7Q6ISZ707gg7f8AVTrS2DStWpIQtKoJUJI+X0FcJJZexPmo8eCQ9eXNyR2r7q0jffYc+Q8Nqy3y2xa2YSk7LMiOOBv+/Goym+xeMKCkBUA6gYH38/LzrNfJQizsyPilQBHrpFcEvviit6on9DUx6NTcBKFOeoKRtEEDYR9qAQyEqCQUjn9/vesd4tSQ5oJBP9M8D/yszIJRpJIBTOwmp8/2nz2SLG9k6RN8ob7JAj61Y1V/7J0qNlerUCP5iRz6VYFWNisUV+fk9JaLFFClfCYMV9qWSBSvhMV9oBSlKAUpSgFKUoBSlKAUpSgOf63TOCcUYhLrZ3Ez3gP1qrn85e2dspm2UpL0nS8ndfERJ8NvCra6qb7TAXve06UBUxMQQf0qlMoD2qgJSDMDxqkv2411jyi76bGM6TT9nOvrLGQBWT/MO5UZ/XnepjVwvUSSJAAEz4CPyqJkEpU4hR0g6ZAO24PyrO331pgAAkeMxWkt4ploktyewtalytRI9fKttelJtbHUpYPfUNMb/DzNai1JKk6dj/f+9S8y44i3sV9kosqKtTm4COI3j9xUXS3Ujj+7FZ1eLlZzjHnb5RrrsIaQEtao1Rv4faprbAUhKe3Sj/UjzHmDX1i2avSQxmMbt/Q4/oMfODUe+Ddg+21cZC10rO62XApIHiSTttUyVOo1hHgFZXDaWks/o7E3DfS+UYtnm1vvKJZUhZidIiTtG9ROsLa66dwTKkZK+eu1IIceU+rdW24AgDx/vW59mGlfTzrjSnlMrullpbgELQIAUk+IME/U1B9qqlOY5q3YYuHnYJ0stKWRMATAPkal9nTQWef+nqbHMHGD/uxvLPCPWWat7xN8+uxRbLCmn3SshwkQZPhGrk0u+q7RlJWza3bzXahkPJRDalkxpBJmZ9ImpuRC77AO+6JUpTjEoSQUlW06fCJ4+tch0/1ULLGs4k425uL5nuNtIbIKjPKgR3fU8eNdnLttRWy59m0YOonJ74/Bk6qu3sf1liXV3jiLRb6S6kqMAaFbR8wNvWujxvU2PyLjrTKnEuIQXAlad1oHJTBM1ynUd2T1vgA6hSlNPINwpttSkNK0q8Y23UOak2jAvfaA7lLdGiwx6HFPvgd1bik6IHmYkn/b51pGU4yePLZ0nGDgs/x/3kldK5FLVzmHLjLu3rbehYT2JAbQSqDyZPnwNhtU89a4ktKWC8pSXeyUhITI2Bn4ojfzn0rlemn2mrzqbuOpQ7bJ7Idko6viG22/xJG1YsdfM23R2UburS6Lr+RKm2F26kOLkIjSCNySCBE71qqlRRwvT+TeVKm5vPtIs2wvGL+0aurRwOMuCUKHjUgVwmBev+kcThMO/jbi7funlF5TCSpLJccKjuBACdW8wNqmnq677PJqOEvALIoAV2SyFyTIHd7xEb6Z5qWqqS+7kiuk2/t4OvpUTF3a77G2t25buW632kuKZdEKbJE6SPMcUrqtzkS6UpQClKUBAzqC7iL1sT3mFjbfwqjr/SFKBAPPnV9XaO0t3UROpBEDx2qiL9pSlHcSDvtVL1NJVISLrpL2kjl8ulXZhSI7p2rLZqCrdDhBIUgwRtvMcfpUu8YLbKnEkakb7VjxbSXmpBBAMaQf3+zXFTTplvpeonW4EojaSIj7Vafs4bbex92242FIOiUrEg/F4VXDOPWCNaXB5d37cx47VZPs3Totb1AHeBR9+9WlpJSuo/n4IPUF+nl+Pk2yujsDK129im1WsypVsotyfOBt+FRm/Z/0wm7RdvYwXLyDKTcurdE/JRI/Ctf/ABbmUYq4yj2KYbs2XlMgqdIWshRSSExxq8z/AH92XVGbvbbE3reLthZ5J1KULS8pSm0kndQgRsD4ner1VIZ4PNprOEdolCEJCUpCUgQABAFIFeVuIbTK1JSPMmK5TrXqp7p6ytrqzYYuGXzCXFO7E7QBHO28+lbymorLMt43OtIFfNKZJAG/jXxLiTAkauSJ4rRozGQ/i04k4pwWAYLnvs92e7A8jyR5iPWstrYG9KRO1YLCyt7C2Tb2yNLYUpW+5JJJJP1NZu0Rv3htzvxXpKgQCkyKztkAAVHubJi4uLZ95GpdssrbPkSkj9alUphMHkAREUIB5r1Ssg87CleqUGEKUpQClKUB5UJmqPyjQZunkDbQ4pMT5Ej61eJFUR7SLLJ4Dql5+zZUbbIuJLKIlt51SjqTz3V7jyn1A2r762dZLHKJ9hcq3m2+GQnkpW2tBTyCCRXjAJOOuCpMKUTwU8+R3/f3r1ZuvurDeWsHbFQ2URDqQfoZqLe5CxtlkNl54kxAYKAT/uqr+nrJOGC6d9byWdR0N3ky/pCUdnuSQIAPekceXFd57OkBu1ukq1B+UFaSPhHej9fwqqMWi+zNyLWz7RgqTKFoVuFSOVRttPG+wieKu3pPAowWMDPauPPuQp15wypRjx/H71MsbHtTU5eCpvb2NWPbprYi+0EFPSt12aRspGx2HxCTX32dgDojDA7xbJ9fOtrmcRa5q191v0uqYmSlDqkT84ImvWHxVphrFFlYIWi3QToQtZXp9BPA9KtNL1NlVp+7UcR02uy6oVmFdQLT757wUMIU5pLLWkQW99jJVvztUX2jps/4PsWsUsO2tsssocSZ06BGx8YIjaumyfQGByORXfPMPturMrSxcLbQsyTJSkjxMnzqTlujsLlrO2srq1Wm0thDLDDqmkIHHCSPCufbljAknKOGcZ1XaPdP9T4C5xV9cquL26ZbeadXrLqSoJUPsVE/KfCpjCHGfa2WO3dWyu3dWEKWTplLciSZO8n0rpbDptLWedyV6o3AYShrHpcJUWUBAClEncrKtW/l8zPsdI4sZsZoC6GQk/zfeXNwdoImIiBEeA8qx22Z07nDdPWCcj1F1NZXN3dpt2WE6VJdKTs47EnlUQOea2HsyzBtcXljlb1KbC2u0tsOuK7oOgakg+XB28zW8v8AomyTbX6sQp62vb1sNOvl9aipGoTIJIJiYkbT5TWwc6TwruCawrlkDYtfC3qIJPiSZkkyZJ5kzWY05J5MKOME05rGi592N9bh7s+17PtBOjmflG9Z8ff2mSthc2Nw2+ySQFtmRIrWq6Wwyr7302CC92Bt950huNMBMxxt8ql4XD2OEsjaY1jsWStTihqKipR5JJ3JrqtXk2NhSlK3ApSlAKUpQClKUAqPeWdvfW67e8YbfYWIU24kKB+hqRSgORyHs/xl4nS1dX1sk8oQ8Fj/AJhUfStFZ+x3Fs3BeusrkLn/AOFBAA/41ZdK00R9DJq8Pgcdhmg3YW6W4/q5UfrWzFfaVslgClKVkClKUApSlAKUpQClKUApSlAKUpQH/9k=', '2011-10-02 21:08:39', '2011-10-02 21:08:39'),
(5, 7, NULL, '30 ans de l''USEC', 'cool', '2012-05-01 00:00:00', '2012-05-02 00:00:00', 1, 0, 'Théâtre Impérial', 'data:image/jpeg;base64,/9j/4AAQSkZJRgABAQAAAQABAAD/2wBDAAkGBwgHBgkIBwgKCgkLDRYPDQwMDRsUFRAWIB0iIiAdHx8kKDQsJCYxJx8fLT0tMTU3Ojo6Iys/RD84QzQ5Ojf/2wBDAQoKCg0MDRoPDxo3JR8lNzc3Nzc3Nzc3Nzc3Nzc3Nzc3Nzc3Nzc3Nzc3Nzc3Nzc3Nzc3Nzc3Nzc3Nzc3Nzc3Nzf/wAARCACQALQDASIAAhEBAxEB/8QAGwABAAIDAQEAAAAAAAAAAAAAAAQHAwUGAgH/xAA5EAABAwMDAQUGBAQHAQAAAAABAgMRAAQFEiExBhMiQVFhBxQycYGRobHB8BYjQuEVUnKCotHxYv/EABsBAQACAwEBAAAAAAAAAAAAAAAEBQECAwYH/8QAKxEAAgEDAwQBAwQDAAAAAAAAAAECAwQREiExBRNBUbEUIoEkMlLwYaHh/9oADAMBAAIRAxEAPwC8aUpQCvk19PFc9neoUY9CkoSkuGdAKomOT8hXGtWjSjmRvTpyqS0xR0Eik1X1p1bdXF4GhbBYUAEBtZT3v9Un8qz9Gdc/4vcuWd/bu27qXiylTsSFgfAqI358PD78aN5GpysEipY1oJtrg7uleQqvVTCIKUpQClfJqLb5C2uWHHmXkKbaWpDip2SpJhQPyINYbSM4fJLpXJP9cMdrFlaF5nSSHVuhsL3ju8zz4xW+w+Vt8vae820gBRSpKolChyDFc4Vqc3iL3NFOLeEyfSlK6mwpSlAKUpQClKUApSlAKUpQHlzZtRHkaqrqd966zS0IQsBtQaABPG8mPnVrKEpIPiKqrrVq4ss4q4GzLgHeKZKVARH5f3qr6jFvS0WfSnHvPPoye5+5sNXaEklLmrYyTEc+Q5NTb/GsPuZlbCtDtw0HEOtmYKJcbWPUEfWd5rmX+o3nmjblOpKTEJmRE/OP71r8d1evF317bXxW5bqtXCwfFshJIT8uflxxxFtU9MoPyTbihVcdbe6+C7cNd+/4mzvCmFPspcI8iRNTRxXI4TqjAYzDWVm/lbdDjFuhC0qdTKSE8HfY7Hb0NS09d9MKnRl7ZYG8pVO3ntV6tkslA1u8HSUkVoUdXYW4bUq2vEvQQkBveVHYD5zUR7Mvm8RaovW21uNlYC2SCNMavlz4ismMHT+FVtel2x6eyFml4EXGZuNakwJTqLhG/wBjXVsPZN1AU3dWy5EiTBP001w+BxuZzvTLymbppL6MpcPN9oiCs61T4bBUn71wrxc4NLkzLPbkkc8q1ZvbR7J5S6UGkJUGLdsgT9/EkwB5VYHsvtn7Wxfbf1/Cg7mRO+3ziP3tXLYzoy999aC7JNkrtAQ46UrhRPhBP+WR9tqtXF49vHWwZbUVGSpSzyonk1FtqU1NN8IhUabynjGCaKUpViTBSlKAUpSgFKUoBSlKAUpSgB4rV5jFtZBkpWhKp2KVjZQ/Q1tK+VpUpxqR0yNoycXlFXZu1t8LhL62cTo9zdZ0KcJJWhxccDY8EceG9chnMfY3V7ishjUKgJLLrIQEAqAnYCI+MbeIH3sXrO0Ydvsiq60Bn3W3JUCSpMOxwCP81cJ1Mu2xLVqux1JZVczqM7rISZ9PL/bPjWsLeEVk6K6qt4yabBPv5PJC0tsRj13ayEoccCgdJG8kK3nbyrrP4KzTdrJssKhSiChLTAOiYgKBO5iZP58Vy2LxN8zll3GPBUlalKbCeUgkwI+RH2qyMbfXrGsZJtROr45iD57Ef+E1I0rGTjv4NPY4fL2WOfdftGO3RdNo0JZSkJbO5VxueB8jxXQ3zyH0WtvYMtEuWr6VaQEn4Qkn8q1GazS+z7APlTanEBW+wQOZ+w/H1qLmHAhNkjDvK7VKXFOL2hMlHP48f9Vz1RSbMTUspM3eOtrrH6lXDpaKE+M7wDvHl3Sah9I3t9aWqnLNto21w664lKtoJWqVD1mf3Fa1q8yxfYQu5KW+6VNzJKQoDaeOePCJrVWFzmrRluys7nSlqVBvXBAJmPnz+xWO5F752NltHCLIxr109kmjdIhntEBHqYJER8ya62qz6Icyys7bN3zupsIWuBwISRHlO4428iasysqSlujVIUpSsmRSlKAUpSgFKUoBSlKAUpSgFKUoCufaSlfvt0lMALxZUk6QZUl0fjuPT8Kq3MOPZDDrZdcBfa/maAfh33HlwZ2/7q6euLFF3cMa0gk2zyDvuQSg8fQfl41yd5jrdrEXTTTaQXGiJSgHaN5J3+3pUGtfU6dVUXyyVSt3KOteDmuk8g83a2zobUYEaoJ4/wDB9q2+SvLy4aLbOtA31Eo3nYA7eMbfSs3R6mG8IylxxITKjA31jY/I+VdGhFpkLYNIOlMlRLaJUggbbeNbKvKb0prBtKmoJto4V3R2JbeSoGVEKImQUmRHziPmfpitrx+zLSmOyKy2qdaUkQI3g+A9IrrVW1xBSUNFSYGkfDH0+njWh6jYZtrdlNrHbOEBQQdhGrjy5H2qG72LbhscL2k4W8pp+COjKvIuXHA1bBa9ivTJj5z61sh1Jeud1bNqEklKiGdwI5JJrlAXdalulSVJ3SFAhMeg/Gs7b7rqlyQNcydPNbuWFyeW+oqLmTLE9nt29e5l8OLSpDLPdCEBCQZ9OfrVjVWXsoQVX966Ph0Dx8zNWbUmyeaWf8su7STlSTYpSlTCSKUpQClKUApSlAKUpQClKUApSlAcr14tTdvbKGwJcSTO/wAB2qtG8vetJUBcgjRpAWkLBJjbcT4/nVpdbNdpYMK7o0vRKjxKVDaqpfxd0pwkMrk7lYBjznjj7c1RXsG6729FzYOPa3IdlmHwyWUssApkFKEBKU/QbeVTG8/dtt6Gl6XCrUShtMKTHhO/51qLP3f3m7Q6ISZ707gg7f8AVTrS2DStWpIQtKoJUJI+X0FcJJZexPmo8eCQ9eXNyR2r7q0jffYc+Q8Nqy3y2xa2YSk7LMiOOBv+/Goym+xeMKCkBUA6gYH38/LzrNfJQizsyPilQBHrpFcEvviit6on9DUx6NTcBKFOeoKRtEEDYR9qAQyEqCQUjn9/vesd4tSQ5oJBP9M8D/yszIJRpJIBTOwmp8/2nz2SLG9k6RN8ob7JAj61Y1V/7J0qNlerUCP5iRz6VYFWNisUV+fk9JaLFFClfCYMV9qWSBSvhMV9oBSlKAUpSgFKUoBSlKAUpSgOf63TOCcUYhLrZ3Ez3gP1qrn85e2dspm2UpL0nS8ndfERJ8NvCra6qb7TAXve06UBUxMQQf0qlMoD2qgJSDMDxqkv2411jyi76bGM6TT9nOvrLGQBWT/MO5UZ/XnepjVwvUSSJAAEz4CPyqJkEpU4hR0g6ZAO24PyrO331pgAAkeMxWkt4ploktyewtalytRI9fKttelJtbHUpYPfUNMb/DzNai1JKk6dj/f+9S8y44i3sV9kosqKtTm4COI3j9xUXS3Ujj+7FZ1eLlZzjHnb5RrrsIaQEtao1Rv4faprbAUhKe3Sj/UjzHmDX1i2avSQxmMbt/Q4/oMfODUe+Ddg+21cZC10rO62XApIHiSTttUyVOo1hHgFZXDaWks/o7E3DfS+UYtnm1vvKJZUhZidIiTtG9ROsLa66dwTKkZK+eu1IIceU+rdW24AgDx/vW59mGlfTzrjSnlMrullpbgELQIAUk+IME/U1B9qqlOY5q3YYuHnYJ0stKWRMATAPkal9nTQWef+nqbHMHGD/uxvLPCPWWat7xN8+uxRbLCmn3SshwkQZPhGrk0u+q7RlJWza3bzXahkPJRDalkxpBJmZ9ImpuRC77AO+6JUpTjEoSQUlW06fCJ4+tch0/1ULLGs4k425uL5nuNtIbIKjPKgR3fU8eNdnLttRWy59m0YOonJ74/Bk6qu3sf1liXV3jiLRb6S6kqMAaFbR8wNvWujxvU2PyLjrTKnEuIQXAlad1oHJTBM1ynUd2T1vgA6hSlNPINwpttSkNK0q8Y23UOak2jAvfaA7lLdGiwx6HFPvgd1bik6IHmYkn/b51pGU4yePLZ0nGDgs/x/3kldK5FLVzmHLjLu3rbehYT2JAbQSqDyZPnwNhtU89a4ktKWC8pSXeyUhITI2Bn4ojfzn0rlemn2mrzqbuOpQ7bJ7Idko6viG22/xJG1YsdfM23R2UburS6Lr+RKm2F26kOLkIjSCNySCBE71qqlRRwvT+TeVKm5vPtIs2wvGL+0aurRwOMuCUKHjUgVwmBev+kcThMO/jbi7funlF5TCSpLJccKjuBACdW8wNqmnq677PJqOEvALIoAV2SyFyTIHd7xEb6Z5qWqqS+7kiuk2/t4OvpUTF3a77G2t25buW632kuKZdEKbJE6SPMcUrqtzkS6UpQClKUBAzqC7iL1sT3mFjbfwqjr/SFKBAPPnV9XaO0t3UROpBEDx2qiL9pSlHcSDvtVL1NJVISLrpL2kjl8ulXZhSI7p2rLZqCrdDhBIUgwRtvMcfpUu8YLbKnEkakb7VjxbSXmpBBAMaQf3+zXFTTplvpeonW4EojaSIj7Vafs4bbex92242FIOiUrEg/F4VXDOPWCNaXB5d37cx47VZPs3Totb1AHeBR9+9WlpJSuo/n4IPUF+nl+Pk2yujsDK129im1WsypVsotyfOBt+FRm/Z/0wm7RdvYwXLyDKTcurdE/JRI/Ctf/ABbmUYq4yj2KYbs2XlMgqdIWshRSSExxq8z/AH92XVGbvbbE3reLthZ5J1KULS8pSm0kndQgRsD4ner1VIZ4PNprOEdolCEJCUpCUgQABAFIFeVuIbTK1JSPMmK5TrXqp7p6ytrqzYYuGXzCXFO7E7QBHO28+lbymorLMt43OtIFfNKZJAG/jXxLiTAkauSJ4rRozGQ/i04k4pwWAYLnvs92e7A8jyR5iPWstrYG9KRO1YLCyt7C2Tb2yNLYUpW+5JJJJP1NZu0Rv3htzvxXpKgQCkyKztkAAVHubJi4uLZ95GpdssrbPkSkj9alUphMHkAREUIB5r1Ssg87CleqUGEKUpQClKUB5UJmqPyjQZunkDbQ4pMT5Ej61eJFUR7SLLJ4Dql5+zZUbbIuJLKIlt51SjqTz3V7jyn1A2r762dZLHKJ9hcq3m2+GQnkpW2tBTyCCRXjAJOOuCpMKUTwU8+R3/f3r1ZuvurDeWsHbFQ2URDqQfoZqLe5CxtlkNl54kxAYKAT/uqr+nrJOGC6d9byWdR0N3ky/pCUdnuSQIAPekceXFd57OkBu1ukq1B+UFaSPhHej9fwqqMWi+zNyLWz7RgqTKFoVuFSOVRttPG+wieKu3pPAowWMDPauPPuQp15wypRjx/H71MsbHtTU5eCpvb2NWPbprYi+0EFPSt12aRspGx2HxCTX32dgDojDA7xbJ9fOtrmcRa5q191v0uqYmSlDqkT84ImvWHxVphrFFlYIWi3QToQtZXp9BPA9KtNL1NlVp+7UcR02uy6oVmFdQLT757wUMIU5pLLWkQW99jJVvztUX2jps/4PsWsUsO2tsssocSZ06BGx8YIjaumyfQGByORXfPMPturMrSxcLbQsyTJSkjxMnzqTlujsLlrO2srq1Wm0thDLDDqmkIHHCSPCufbljAknKOGcZ1XaPdP9T4C5xV9cquL26ZbeadXrLqSoJUPsVE/KfCpjCHGfa2WO3dWyu3dWEKWTplLciSZO8n0rpbDptLWedyV6o3AYShrHpcJUWUBAClEncrKtW/l8zPsdI4sZsZoC6GQk/zfeXNwdoImIiBEeA8qx22Z07nDdPWCcj1F1NZXN3dpt2WE6VJdKTs47EnlUQOea2HsyzBtcXljlb1KbC2u0tsOuK7oOgakg+XB28zW8v8AomyTbX6sQp62vb1sNOvl9aipGoTIJIJiYkbT5TWwc6TwruCawrlkDYtfC3qIJPiSZkkyZJ5kzWY05J5MKOME05rGi592N9bh7s+17PtBOjmflG9Z8ff2mSthc2Nw2+ySQFtmRIrWq6Wwyr7302CC92Bt950huNMBMxxt8ql4XD2OEsjaY1jsWStTihqKipR5JJ3JrqtXk2NhSlK3ApSlAKUpQClKUAqPeWdvfW67e8YbfYWIU24kKB+hqRSgORyHs/xl4nS1dX1sk8oQ8Fj/AJhUfStFZ+x3Fs3BeusrkLn/AOFBAA/41ZdK00R9DJq8Pgcdhmg3YW6W4/q5UfrWzFfaVslgClKVkClKUApSlAKUpQClKUApSlAKUpQH/9k=', '2011-10-02 21:10:17', '2011-10-02 21:10:17'),
(6, 8, NULL, 'Impressions', 'viens photocopier ton cul en toute discretion...', '2011-10-05 00:00:00', '2011-10-05 00:00:00', 1, 0, '', 'data:image/jpeg;base64,/9j/4AAQSkZJRgABAQAAAQABAAD/2wBDAAkGBwgHBgkIBwgKCgkLDRYPDQwMDRsUFRAWIB0iIiAdHx8kKDQsJCYxJx8fLT0tMTU3Ojo6Iys/RD84QzQ5Ojf/2wBDAQoKCg0MDRoPDxo3JR8lNzc3Nzc3Nzc3Nzc3Nzc3Nzc3Nzc3Nzc3Nzc3Nzc3Nzc3Nzc3Nzc3Nzc3Nzc3Nzc3Nzf/wAARCACQALQDASIAAhEBAxEB/8QAGwABAAIDAQEAAAAAAAAAAAAAAAQHAwUGAgH/xAA5EAABAwMDAQUGBAQHAQAAAAABAgMRAAQFEiExBhMiQVFhBxQycYGRobHB8BYjQuEVUnKCotHxYv/EABsBAQACAwEBAAAAAAAAAAAAAAAEBQECAwYH/8QAKxEAAgEDAwQBAwQDAAAAAAAAAAECAwQREiExBRNBUbEUIoEkMlLwYaHh/9oADAMBAAIRAxEAPwC8aUpQCvk19PFc9neoUY9CkoSkuGdAKomOT8hXGtWjSjmRvTpyqS0xR0Eik1X1p1bdXF4GhbBYUAEBtZT3v9Un8qz9Gdc/4vcuWd/bu27qXiylTsSFgfAqI358PD78aN5GpysEipY1oJtrg7uleQqvVTCIKUpQClfJqLb5C2uWHHmXkKbaWpDip2SpJhQPyINYbSM4fJLpXJP9cMdrFlaF5nSSHVuhsL3ju8zz4xW+w+Vt8vae820gBRSpKolChyDFc4Vqc3iL3NFOLeEyfSlK6mwpSlAKUpQClKUApSlAKUpQHlzZtRHkaqrqd966zS0IQsBtQaABPG8mPnVrKEpIPiKqrrVq4ss4q4GzLgHeKZKVARH5f3qr6jFvS0WfSnHvPPoye5+5sNXaEklLmrYyTEc+Q5NTb/GsPuZlbCtDtw0HEOtmYKJcbWPUEfWd5rmX+o3nmjblOpKTEJmRE/OP71r8d1evF317bXxW5bqtXCwfFshJIT8uflxxxFtU9MoPyTbihVcdbe6+C7cNd+/4mzvCmFPspcI8iRNTRxXI4TqjAYzDWVm/lbdDjFuhC0qdTKSE8HfY7Hb0NS09d9MKnRl7ZYG8pVO3ntV6tkslA1u8HSUkVoUdXYW4bUq2vEvQQkBveVHYD5zUR7Mvm8RaovW21uNlYC2SCNMavlz4ismMHT+FVtel2x6eyFml4EXGZuNakwJTqLhG/wBjXVsPZN1AU3dWy5EiTBP001w+BxuZzvTLymbppL6MpcPN9oiCs61T4bBUn71wrxc4NLkzLPbkkc8q1ZvbR7J5S6UGkJUGLdsgT9/EkwB5VYHsvtn7Wxfbf1/Cg7mRO+3ziP3tXLYzoy999aC7JNkrtAQ46UrhRPhBP+WR9tqtXF49vHWwZbUVGSpSzyonk1FtqU1NN8IhUabynjGCaKUpViTBSlKAUpSgFKUoBSlKAUpSgB4rV5jFtZBkpWhKp2KVjZQ/Q1tK+VpUpxqR0yNoycXlFXZu1t8LhL62cTo9zdZ0KcJJWhxccDY8EceG9chnMfY3V7ishjUKgJLLrIQEAqAnYCI+MbeIH3sXrO0Ydvsiq60Bn3W3JUCSpMOxwCP81cJ1Mu2xLVqux1JZVczqM7rISZ9PL/bPjWsLeEVk6K6qt4yabBPv5PJC0tsRj13ayEoccCgdJG8kK3nbyrrP4KzTdrJssKhSiChLTAOiYgKBO5iZP58Vy2LxN8zll3GPBUlalKbCeUgkwI+RH2qyMbfXrGsZJtROr45iD57Ef+E1I0rGTjv4NPY4fL2WOfdftGO3RdNo0JZSkJbO5VxueB8jxXQ3zyH0WtvYMtEuWr6VaQEn4Qkn8q1GazS+z7APlTanEBW+wQOZ+w/H1qLmHAhNkjDvK7VKXFOL2hMlHP48f9Vz1RSbMTUspM3eOtrrH6lXDpaKE+M7wDvHl3Sah9I3t9aWqnLNto21w664lKtoJWqVD1mf3Fa1q8yxfYQu5KW+6VNzJKQoDaeOePCJrVWFzmrRluys7nSlqVBvXBAJmPnz+xWO5F752NltHCLIxr109kmjdIhntEBHqYJER8ya62qz6Icyys7bN3zupsIWuBwISRHlO4428iasysqSlujVIUpSsmRSlKAUpSgFKUoBSlKAUpSgFKUoCufaSlfvt0lMALxZUk6QZUl0fjuPT8Kq3MOPZDDrZdcBfa/maAfh33HlwZ2/7q6euLFF3cMa0gk2zyDvuQSg8fQfl41yd5jrdrEXTTTaQXGiJSgHaN5J3+3pUGtfU6dVUXyyVSt3KOteDmuk8g83a2zobUYEaoJ4/wDB9q2+SvLy4aLbOtA31Eo3nYA7eMbfSs3R6mG8IylxxITKjA31jY/I+VdGhFpkLYNIOlMlRLaJUggbbeNbKvKb0prBtKmoJto4V3R2JbeSoGVEKImQUmRHziPmfpitrx+zLSmOyKy2qdaUkQI3g+A9IrrVW1xBSUNFSYGkfDH0+njWh6jYZtrdlNrHbOEBQQdhGrjy5H2qG72LbhscL2k4W8pp+COjKvIuXHA1bBa9ivTJj5z61sh1Jeud1bNqEklKiGdwI5JJrlAXdalulSVJ3SFAhMeg/Gs7b7rqlyQNcydPNbuWFyeW+oqLmTLE9nt29e5l8OLSpDLPdCEBCQZ9OfrVjVWXsoQVX966Ph0Dx8zNWbUmyeaWf8su7STlSTYpSlTCSKUpQClKUApSlAKUpQClKUApSlAcr14tTdvbKGwJcSTO/wAB2qtG8vetJUBcgjRpAWkLBJjbcT4/nVpdbNdpYMK7o0vRKjxKVDaqpfxd0pwkMrk7lYBjznjj7c1RXsG6729FzYOPa3IdlmHwyWUssApkFKEBKU/QbeVTG8/dtt6Gl6XCrUShtMKTHhO/51qLP3f3m7Q6ISZ707gg7f8AVTrS2DStWpIQtKoJUJI+X0FcJJZexPmo8eCQ9eXNyR2r7q0jffYc+Q8Nqy3y2xa2YSk7LMiOOBv+/Goym+xeMKCkBUA6gYH38/LzrNfJQizsyPilQBHrpFcEvviit6on9DUx6NTcBKFOeoKRtEEDYR9qAQyEqCQUjn9/vesd4tSQ5oJBP9M8D/yszIJRpJIBTOwmp8/2nz2SLG9k6RN8ob7JAj61Y1V/7J0qNlerUCP5iRz6VYFWNisUV+fk9JaLFFClfCYMV9qWSBSvhMV9oBSlKAUpSgFKUoBSlKAUpSgOf63TOCcUYhLrZ3Ez3gP1qrn85e2dspm2UpL0nS8ndfERJ8NvCra6qb7TAXve06UBUxMQQf0qlMoD2qgJSDMDxqkv2411jyi76bGM6TT9nOvrLGQBWT/MO5UZ/XnepjVwvUSSJAAEz4CPyqJkEpU4hR0g6ZAO24PyrO331pgAAkeMxWkt4ploktyewtalytRI9fKttelJtbHUpYPfUNMb/DzNai1JKk6dj/f+9S8y44i3sV9kosqKtTm4COI3j9xUXS3Ujj+7FZ1eLlZzjHnb5RrrsIaQEtao1Rv4faprbAUhKe3Sj/UjzHmDX1i2avSQxmMbt/Q4/oMfODUe+Ddg+21cZC10rO62XApIHiSTttUyVOo1hHgFZXDaWks/o7E3DfS+UYtnm1vvKJZUhZidIiTtG9ROsLa66dwTKkZK+eu1IIceU+rdW24AgDx/vW59mGlfTzrjSnlMrullpbgELQIAUk+IME/U1B9qqlOY5q3YYuHnYJ0stKWRMATAPkal9nTQWef+nqbHMHGD/uxvLPCPWWat7xN8+uxRbLCmn3SshwkQZPhGrk0u+q7RlJWza3bzXahkPJRDalkxpBJmZ9ImpuRC77AO+6JUpTjEoSQUlW06fCJ4+tch0/1ULLGs4k425uL5nuNtIbIKjPKgR3fU8eNdnLttRWy59m0YOonJ74/Bk6qu3sf1liXV3jiLRb6S6kqMAaFbR8wNvWujxvU2PyLjrTKnEuIQXAlad1oHJTBM1ynUd2T1vgA6hSlNPINwpttSkNK0q8Y23UOak2jAvfaA7lLdGiwx6HFPvgd1bik6IHmYkn/b51pGU4yePLZ0nGDgs/x/3kldK5FLVzmHLjLu3rbehYT2JAbQSqDyZPnwNhtU89a4ktKWC8pSXeyUhITI2Bn4ojfzn0rlemn2mrzqbuOpQ7bJ7Idko6viG22/xJG1YsdfM23R2UburS6Lr+RKm2F26kOLkIjSCNySCBE71qqlRRwvT+TeVKm5vPtIs2wvGL+0aurRwOMuCUKHjUgVwmBev+kcThMO/jbi7funlF5TCSpLJccKjuBACdW8wNqmnq677PJqOEvALIoAV2SyFyTIHd7xEb6Z5qWqqS+7kiuk2/t4OvpUTF3a77G2t25buW632kuKZdEKbJE6SPMcUrqtzkS6UpQClKUBAzqC7iL1sT3mFjbfwqjr/SFKBAPPnV9XaO0t3UROpBEDx2qiL9pSlHcSDvtVL1NJVISLrpL2kjl8ulXZhSI7p2rLZqCrdDhBIUgwRtvMcfpUu8YLbKnEkakb7VjxbSXmpBBAMaQf3+zXFTTplvpeonW4EojaSIj7Vafs4bbex92242FIOiUrEg/F4VXDOPWCNaXB5d37cx47VZPs3Totb1AHeBR9+9WlpJSuo/n4IPUF+nl+Pk2yujsDK129im1WsypVsotyfOBt+FRm/Z/0wm7RdvYwXLyDKTcurdE/JRI/Ctf/ABbmUYq4yj2KYbs2XlMgqdIWshRSSExxq8z/AH92XVGbvbbE3reLthZ5J1KULS8pSm0kndQgRsD4ner1VIZ4PNprOEdolCEJCUpCUgQABAFIFeVuIbTK1JSPMmK5TrXqp7p6ytrqzYYuGXzCXFO7E7QBHO28+lbymorLMt43OtIFfNKZJAG/jXxLiTAkauSJ4rRozGQ/i04k4pwWAYLnvs92e7A8jyR5iPWstrYG9KRO1YLCyt7C2Tb2yNLYUpW+5JJJJP1NZu0Rv3htzvxXpKgQCkyKztkAAVHubJi4uLZ95GpdssrbPkSkj9alUphMHkAREUIB5r1Ssg87CleqUGEKUpQClKUB5UJmqPyjQZunkDbQ4pMT5Ej61eJFUR7SLLJ4Dql5+zZUbbIuJLKIlt51SjqTz3V7jyn1A2r762dZLHKJ9hcq3m2+GQnkpW2tBTyCCRXjAJOOuCpMKUTwU8+R3/f3r1ZuvurDeWsHbFQ2URDqQfoZqLe5CxtlkNl54kxAYKAT/uqr+nrJOGC6d9byWdR0N3ky/pCUdnuSQIAPekceXFd57OkBu1ukq1B+UFaSPhHej9fwqqMWi+zNyLWz7RgqTKFoVuFSOVRttPG+wieKu3pPAowWMDPauPPuQp15wypRjx/H71MsbHtTU5eCpvb2NWPbprYi+0EFPSt12aRspGx2HxCTX32dgDojDA7xbJ9fOtrmcRa5q191v0uqYmSlDqkT84ImvWHxVphrFFlYIWi3QToQtZXp9BPA9KtNL1NlVp+7UcR02uy6oVmFdQLT757wUMIU5pLLWkQW99jJVvztUX2jps/4PsWsUsO2tsssocSZ06BGx8YIjaumyfQGByORXfPMPturMrSxcLbQsyTJSkjxMnzqTlujsLlrO2srq1Wm0thDLDDqmkIHHCSPCufbljAknKOGcZ1XaPdP9T4C5xV9cquL26ZbeadXrLqSoJUPsVE/KfCpjCHGfa2WO3dWyu3dWEKWTplLciSZO8n0rpbDptLWedyV6o3AYShrHpcJUWUBAClEncrKtW/l8zPsdI4sZsZoC6GQk/zfeXNwdoImIiBEeA8qx22Z07nDdPWCcj1F1NZXN3dpt2WE6VJdKTs47EnlUQOea2HsyzBtcXljlb1KbC2u0tsOuK7oOgakg+XB28zW8v8AomyTbX6sQp62vb1sNOvl9aipGoTIJIJiYkbT5TWwc6TwruCawrlkDYtfC3qIJPiSZkkyZJ5kzWY05J5MKOME05rGi592N9bh7s+17PtBOjmflG9Z8ff2mSthc2Nw2+ySQFtmRIrWq6Wwyr7302CC92Bt950huNMBMxxt8ql4XD2OEsjaY1jsWStTihqKipR5JJ3JrqtXk2NhSlK3ApSlAKUpQClKUAqPeWdvfW67e8YbfYWIU24kKB+hqRSgORyHs/xl4nS1dX1sk8oQ8Fj/AJhUfStFZ+x3Fs3BeusrkLn/AOFBAA/41ZdK00R9DJq8Pgcdhmg3YW6W4/q5UfrWzFfaVslgClKVkClKUApSlAKUpQClKUApSlAKUpQH/9k=', '2011-10-02 21:11:18', '2011-10-02 21:11:52'),
(7, 6, 1, 'test 1', 'coucou', '2011-10-23 00:00:00', '2011-10-30 00:00:00', 1, 0, 'quelque part', 'data:image/jpeg;base64,/9j/4AAQSkZJRgABAQAAAQABAAD/2wBDAAkGBwgHBgkIBwgKCgkLDRYPDQwMDRsUFRAWIB0iIiAdHx8kKDQsJCYxJx8fLT0tMTU3Ojo6Iys/RD84QzQ5Ojf/2wBDAQoKCg0MDRoPDxo3JR8lNzc3Nzc3Nzc3Nzc3Nzc3Nzc3Nzc3Nzc3Nzc3Nzc3Nzc3Nzc3Nzc3Nzc3Nzc3Nzc3Nzf/wAARCACQALQDASIAAhEBAxEB/8QAGwABAAIDAQEAAAAAAAAAAAAAAAQHAwUGAgH/xAA5EAABAwMDAQUGBAQHAQAAAAABAgMRAAQFEiExBhMiQVFhBxQycYGRobHB8BYjQuEVUnKCotHxYv/EABsBAQACAwEBAAAAAAAAAAAAAAAEBQECAwYH/8QAKxEAAgEDAwQBAwQDAAAAAAAAAAECAwQREiExBRNBUbEUIoEkMlLwYaHh/9oADAMBAAIRAxEAPwC8aUpQCvk19PFc9neoUY9CkoSkuGdAKomOT8hXGtWjSjmRvTpyqS0xR0Eik1X1p1bdXF4GhbBYUAEBtZT3v9Un8qz9Gdc/4vcuWd/bu27qXiylTsSFgfAqI358PD78aN5GpysEipY1oJtrg7uleQqvVTCIKUpQClfJqLb5C2uWHHmXkKbaWpDip2SpJhQPyINYbSM4fJLpXJP9cMdrFlaF5nSSHVuhsL3ju8zz4xW+w+Vt8vae820gBRSpKolChyDFc4Vqc3iL3NFOLeEyfSlK6mwpSlAKUpQClKUApSlAKUpQHlzZtRHkaqrqd966zS0IQsBtQaABPG8mPnVrKEpIPiKqrrVq4ss4q4GzLgHeKZKVARH5f3qr6jFvS0WfSnHvPPoye5+5sNXaEklLmrYyTEc+Q5NTb/GsPuZlbCtDtw0HEOtmYKJcbWPUEfWd5rmX+o3nmjblOpKTEJmRE/OP71r8d1evF317bXxW5bqtXCwfFshJIT8uflxxxFtU9MoPyTbihVcdbe6+C7cNd+/4mzvCmFPspcI8iRNTRxXI4TqjAYzDWVm/lbdDjFuhC0qdTKSE8HfY7Hb0NS09d9MKnRl7ZYG8pVO3ntV6tkslA1u8HSUkVoUdXYW4bUq2vEvQQkBveVHYD5zUR7Mvm8RaovW21uNlYC2SCNMavlz4ismMHT+FVtel2x6eyFml4EXGZuNakwJTqLhG/wBjXVsPZN1AU3dWy5EiTBP001w+BxuZzvTLymbppL6MpcPN9oiCs61T4bBUn71wrxc4NLkzLPbkkc8q1ZvbR7J5S6UGkJUGLdsgT9/EkwB5VYHsvtn7Wxfbf1/Cg7mRO+3ziP3tXLYzoy999aC7JNkrtAQ46UrhRPhBP+WR9tqtXF49vHWwZbUVGSpSzyonk1FtqU1NN8IhUabynjGCaKUpViTBSlKAUpSgFKUoBSlKAUpSgB4rV5jFtZBkpWhKp2KVjZQ/Q1tK+VpUpxqR0yNoycXlFXZu1t8LhL62cTo9zdZ0KcJJWhxccDY8EceG9chnMfY3V7ishjUKgJLLrIQEAqAnYCI+MbeIH3sXrO0Ydvsiq60Bn3W3JUCSpMOxwCP81cJ1Mu2xLVqux1JZVczqM7rISZ9PL/bPjWsLeEVk6K6qt4yabBPv5PJC0tsRj13ayEoccCgdJG8kK3nbyrrP4KzTdrJssKhSiChLTAOiYgKBO5iZP58Vy2LxN8zll3GPBUlalKbCeUgkwI+RH2qyMbfXrGsZJtROr45iD57Ef+E1I0rGTjv4NPY4fL2WOfdftGO3RdNo0JZSkJbO5VxueB8jxXQ3zyH0WtvYMtEuWr6VaQEn4Qkn8q1GazS+z7APlTanEBW+wQOZ+w/H1qLmHAhNkjDvK7VKXFOL2hMlHP48f9Vz1RSbMTUspM3eOtrrH6lXDpaKE+M7wDvHl3Sah9I3t9aWqnLNto21w664lKtoJWqVD1mf3Fa1q8yxfYQu5KW+6VNzJKQoDaeOePCJrVWFzmrRluys7nSlqVBvXBAJmPnz+xWO5F752NltHCLIxr109kmjdIhntEBHqYJER8ya62qz6Icyys7bN3zupsIWuBwISRHlO4428iasysqSlujVIUpSsmRSlKAUpSgFKUoBSlKAUpSgFKUoCufaSlfvt0lMALxZUk6QZUl0fjuPT8Kq3MOPZDDrZdcBfa/maAfh33HlwZ2/7q6euLFF3cMa0gk2zyDvuQSg8fQfl41yd5jrdrEXTTTaQXGiJSgHaN5J3+3pUGtfU6dVUXyyVSt3KOteDmuk8g83a2zobUYEaoJ4/wDB9q2+SvLy4aLbOtA31Eo3nYA7eMbfSs3R6mG8IylxxITKjA31jY/I+VdGhFpkLYNIOlMlRLaJUggbbeNbKvKb0prBtKmoJto4V3R2JbeSoGVEKImQUmRHziPmfpitrx+zLSmOyKy2qdaUkQI3g+A9IrrVW1xBSUNFSYGkfDH0+njWh6jYZtrdlNrHbOEBQQdhGrjy5H2qG72LbhscL2k4W8pp+COjKvIuXHA1bBa9ivTJj5z61sh1Jeud1bNqEklKiGdwI5JJrlAXdalulSVJ3SFAhMeg/Gs7b7rqlyQNcydPNbuWFyeW+oqLmTLE9nt29e5l8OLSpDLPdCEBCQZ9OfrVjVWXsoQVX966Ph0Dx8zNWbUmyeaWf8su7STlSTYpSlTCSKUpQClKUApSlAKUpQClKUApSlAcr14tTdvbKGwJcSTO/wAB2qtG8vetJUBcgjRpAWkLBJjbcT4/nVpdbNdpYMK7o0vRKjxKVDaqpfxd0pwkMrk7lYBjznjj7c1RXsG6729FzYOPa3IdlmHwyWUssApkFKEBKU/QbeVTG8/dtt6Gl6XCrUShtMKTHhO/51qLP3f3m7Q6ISZ707gg7f8AVTrS2DStWpIQtKoJUJI+X0FcJJZexPmo8eCQ9eXNyR2r7q0jffYc+Q8Nqy3y2xa2YSk7LMiOOBv+/Goym+xeMKCkBUA6gYH38/LzrNfJQizsyPilQBHrpFcEvviit6on9DUx6NTcBKFOeoKRtEEDYR9qAQyEqCQUjn9/vesd4tSQ5oJBP9M8D/yszIJRpJIBTOwmp8/2nz2SLG9k6RN8ob7JAj61Y1V/7J0qNlerUCP5iRz6VYFWNisUV+fk9JaLFFClfCYMV9qWSBSvhMV9oBSlKAUpSgFKUoBSlKAUpSgOf63TOCcUYhLrZ3Ez3gP1qrn85e2dspm2UpL0nS8ndfERJ8NvCra6qb7TAXve06UBUxMQQf0qlMoD2qgJSDMDxqkv2411jyi76bGM6TT9nOvrLGQBWT/MO5UZ/XnepjVwvUSSJAAEz4CPyqJkEpU4hR0g6ZAO24PyrO331pgAAkeMxWkt4ploktyewtalytRI9fKttelJtbHUpYPfUNMb/DzNai1JKk6dj/f+9S8y44i3sV9kosqKtTm4COI3j9xUXS3Ujj+7FZ1eLlZzjHnb5RrrsIaQEtao1Rv4faprbAUhKe3Sj/UjzHmDX1i2avSQxmMbt/Q4/oMfODUe+Ddg+21cZC10rO62XApIHiSTttUyVOo1hHgFZXDaWks/o7E3DfS+UYtnm1vvKJZUhZidIiTtG9ROsLa66dwTKkZK+eu1IIceU+rdW24AgDx/vW59mGlfTzrjSnlMrullpbgELQIAUk+IME/U1B9qqlOY5q3YYuHnYJ0stKWRMATAPkal9nTQWef+nqbHMHGD/uxvLPCPWWat7xN8+uxRbLCmn3SshwkQZPhGrk0u+q7RlJWza3bzXahkPJRDalkxpBJmZ9ImpuRC77AO+6JUpTjEoSQUlW06fCJ4+tch0/1ULLGs4k425uL5nuNtIbIKjPKgR3fU8eNdnLttRWy59m0YOonJ74/Bk6qu3sf1liXV3jiLRb6S6kqMAaFbR8wNvWujxvU2PyLjrTKnEuIQXAlad1oHJTBM1ynUd2T1vgA6hSlNPINwpttSkNK0q8Y23UOak2jAvfaA7lLdGiwx6HFPvgd1bik6IHmYkn/b51pGU4yePLZ0nGDgs/x/3kldK5FLVzmHLjLu3rbehYT2JAbQSqDyZPnwNhtU89a4ktKWC8pSXeyUhITI2Bn4ojfzn0rlemn2mrzqbuOpQ7bJ7Idko6viG22/xJG1YsdfM23R2UburS6Lr+RKm2F26kOLkIjSCNySCBE71qqlRRwvT+TeVKm5vPtIs2wvGL+0aurRwOMuCUKHjUgVwmBev+kcThMO/jbi7funlF5TCSpLJccKjuBACdW8wNqmnq677PJqOEvALIoAV2SyFyTIHd7xEb6Z5qWqqS+7kiuk2/t4OvpUTF3a77G2t25buW632kuKZdEKbJE6SPMcUrqtzkS6UpQClKUBAzqC7iL1sT3mFjbfwqjr/SFKBAPPnV9XaO0t3UROpBEDx2qiL9pSlHcSDvtVL1NJVISLrpL2kjl8ulXZhSI7p2rLZqCrdDhBIUgwRtvMcfpUu8YLbKnEkakb7VjxbSXmpBBAMaQf3+zXFTTplvpeonW4EojaSIj7Vafs4bbex92242FIOiUrEg/F4VXDOPWCNaXB5d37cx47VZPs3Totb1AHeBR9+9WlpJSuo/n4IPUF+nl+Pk2yujsDK129im1WsypVsotyfOBt+FRm/Z/0wm7RdvYwXLyDKTcurdE/JRI/Ctf/ABbmUYq4yj2KYbs2XlMgqdIWshRSSExxq8z/AH92XVGbvbbE3reLthZ5J1KULS8pSm0kndQgRsD4ner1VIZ4PNprOEdolCEJCUpCUgQABAFIFeVuIbTK1JSPMmK5TrXqp7p6ytrqzYYuGXzCXFO7E7QBHO28+lbymorLMt43OtIFfNKZJAG/jXxLiTAkauSJ4rRozGQ/i04k4pwWAYLnvs92e7A8jyR5iPWstrYG9KRO1YLCyt7C2Tb2yNLYUpW+5JJJJP1NZu0Rv3htzvxXpKgQCkyKztkAAVHubJi4uLZ95GpdssrbPkSkj9alUphMHkAREUIB5r1Ssg87CleqUGEKUpQClKUB5UJmqPyjQZunkDbQ4pMT5Ej61eJFUR7SLLJ4Dql5+zZUbbIuJLKIlt51SjqTz3V7jyn1A2r762dZLHKJ9hcq3m2+GQnkpW2tBTyCCRXjAJOOuCpMKUTwU8+R3/f3r1ZuvurDeWsHbFQ2URDqQfoZqLe5CxtlkNl54kxAYKAT/uqr+nrJOGC6d9byWdR0N3ky/pCUdnuSQIAPekceXFd57OkBu1ukq1B+UFaSPhHej9fwqqMWi+zNyLWz7RgqTKFoVuFSOVRttPG+wieKu3pPAowWMDPauPPuQp15wypRjx/H71MsbHtTU5eCpvb2NWPbprYi+0EFPSt12aRspGx2HxCTX32dgDojDA7xbJ9fOtrmcRa5q191v0uqYmSlDqkT84ImvWHxVphrFFlYIWi3QToQtZXp9BPA9KtNL1NlVp+7UcR02uy6oVmFdQLT757wUMIU5pLLWkQW99jJVvztUX2jps/4PsWsUsO2tsssocSZ06BGx8YIjaumyfQGByORXfPMPturMrSxcLbQsyTJSkjxMnzqTlujsLlrO2srq1Wm0thDLDDqmkIHHCSPCufbljAknKOGcZ1XaPdP9T4C5xV9cquL26ZbeadXrLqSoJUPsVE/KfCpjCHGfa2WO3dWyu3dWEKWTplLciSZO8n0rpbDptLWedyV6o3AYShrHpcJUWUBAClEncrKtW/l8zPsdI4sZsZoC6GQk/zfeXNwdoImIiBEeA8qx22Z07nDdPWCcj1F1NZXN3dpt2WE6VJdKTs47EnlUQOea2HsyzBtcXljlb1KbC2u0tsOuK7oOgakg+XB28zW8v8AomyTbX6sQp62vb1sNOvl9aipGoTIJIJiYkbT5TWwc6TwruCawrlkDYtfC3qIJPiSZkkyZJ5kzWY05J5MKOME05rGi592N9bh7s+17PtBOjmflG9Z8ff2mSthc2Nw2+ySQFtmRIrWq6Wwyr7302CC92Bt950huNMBMxxt8ql4XD2OEsjaY1jsWStTihqKipR5JJ3JrqtXk2NhSlK3ApSlAKUpQClKUAqPeWdvfW67e8YbfYWIU24kKB+hqRSgORyHs/xl4nS1dX1sk8oQ8Fj/AJhUfStFZ+x3Fs3BeusrkLn/AOFBAA/41ZdK00R9DJq8Pgcdhmg3YW6W4/q5UfrWzFfaVslgClKVkClKUApSlAKUpQClKUApSlAKUpQH/9k=', '2011-10-22 15:51:04', '2011-10-22 15:51:59');
INSERT INTO `event` (`id`, `asso_id`, `type_id`, `name`, `description`, `start_date`, `end_date`, `is_public`, `is_weekmail`, `place`, `affiche`, `created_at`, `updated_at`) VALUES
(8, 8, 2, 'Rome Antique', '<p>oh yeah</p>', '2011-11-15 00:00:00', '2011-12-21 00:00:00', 1, 0, '', 'data:image/jpeg;base64,/9j/4AAQSkZJRgABAQAAAQABAAD/2wBDAAkGBwgHBgkIBwgKCgkLDRYPDQwMDRsUFRAWIB0iIiAdHx8kKDQsJCYxJx8fLT0tMTU3Ojo6Iys/RD84QzQ5Ojf/2wBDAQoKCg0MDRoPDxo3JR8lNzc3Nzc3Nzc3Nzc3Nzc3Nzc3Nzc3Nzc3Nzc3Nzc3Nzc3Nzc3Nzc3Nzc3Nzc3Nzc3Nzf/wAARCACQALQDASIAAhEBAxEB/8QAGwABAAIDAQEAAAAAAAAAAAAAAAQHAwUGAgH/xAA5EAABAwMDAQUGBAQHAQAAAAABAgMRAAQFEiExBhMiQVFhBxQycYGRobHB8BYjQuEVUnKCotHxYv/EABsBAQACAwEBAAAAAAAAAAAAAAAEBQECAwYH/8QAKxEAAgEDAwQBAwQDAAAAAAAAAAECAwQREiExBRNBUbEUIoEkMlLwYaHh/9oADAMBAAIRAxEAPwC8aUpQCvk19PFc9neoUY9CkoSkuGdAKomOT8hXGtWjSjmRvTpyqS0xR0Eik1X1p1bdXF4GhbBYUAEBtZT3v9Un8qz9Gdc/4vcuWd/bu27qXiylTsSFgfAqI358PD78aN5GpysEipY1oJtrg7uleQqvVTCIKUpQClfJqLb5C2uWHHmXkKbaWpDip2SpJhQPyINYbSM4fJLpXJP9cMdrFlaF5nSSHVuhsL3ju8zz4xW+w+Vt8vae820gBRSpKolChyDFc4Vqc3iL3NFOLeEyfSlK6mwpSlAKUpQClKUApSlAKUpQHlzZtRHkaqrqd966zS0IQsBtQaABPG8mPnVrKEpIPiKqrrVq4ss4q4GzLgHeKZKVARH5f3qr6jFvS0WfSnHvPPoye5+5sNXaEklLmrYyTEc+Q5NTb/GsPuZlbCtDtw0HEOtmYKJcbWPUEfWd5rmX+o3nmjblOpKTEJmRE/OP71r8d1evF317bXxW5bqtXCwfFshJIT8uflxxxFtU9MoPyTbihVcdbe6+C7cNd+/4mzvCmFPspcI8iRNTRxXI4TqjAYzDWVm/lbdDjFuhC0qdTKSE8HfY7Hb0NS09d9MKnRl7ZYG8pVO3ntV6tkslA1u8HSUkVoUdXYW4bUq2vEvQQkBveVHYD5zUR7Mvm8RaovW21uNlYC2SCNMavlz4ismMHT+FVtel2x6eyFml4EXGZuNakwJTqLhG/wBjXVsPZN1AU3dWy5EiTBP001w+BxuZzvTLymbppL6MpcPN9oiCs61T4bBUn71wrxc4NLkzLPbkkc8q1ZvbR7J5S6UGkJUGLdsgT9/EkwB5VYHsvtn7Wxfbf1/Cg7mRO+3ziP3tXLYzoy999aC7JNkrtAQ46UrhRPhBP+WR9tqtXF49vHWwZbUVGSpSzyonk1FtqU1NN8IhUabynjGCaKUpViTBSlKAUpSgFKUoBSlKAUpSgB4rV5jFtZBkpWhKp2KVjZQ/Q1tK+VpUpxqR0yNoycXlFXZu1t8LhL62cTo9zdZ0KcJJWhxccDY8EceG9chnMfY3V7ishjUKgJLLrIQEAqAnYCI+MbeIH3sXrO0Ydvsiq60Bn3W3JUCSpMOxwCP81cJ1Mu2xLVqux1JZVczqM7rISZ9PL/bPjWsLeEVk6K6qt4yabBPv5PJC0tsRj13ayEoccCgdJG8kK3nbyrrP4KzTdrJssKhSiChLTAOiYgKBO5iZP58Vy2LxN8zll3GPBUlalKbCeUgkwI+RH2qyMbfXrGsZJtROr45iD57Ef+E1I0rGTjv4NPY4fL2WOfdftGO3RdNo0JZSkJbO5VxueB8jxXQ3zyH0WtvYMtEuWr6VaQEn4Qkn8q1GazS+z7APlTanEBW+wQOZ+w/H1qLmHAhNkjDvK7VKXFOL2hMlHP48f9Vz1RSbMTUspM3eOtrrH6lXDpaKE+M7wDvHl3Sah9I3t9aWqnLNto21w664lKtoJWqVD1mf3Fa1q8yxfYQu5KW+6VNzJKQoDaeOePCJrVWFzmrRluys7nSlqVBvXBAJmPnz+xWO5F752NltHCLIxr109kmjdIhntEBHqYJER8ya62qz6Icyys7bN3zupsIWuBwISRHlO4428iasysqSlujVIUpSsmRSlKAUpSgFKUoBSlKAUpSgFKUoCufaSlfvt0lMALxZUk6QZUl0fjuPT8Kq3MOPZDDrZdcBfa/maAfh33HlwZ2/7q6euLFF3cMa0gk2zyDvuQSg8fQfl41yd5jrdrEXTTTaQXGiJSgHaN5J3+3pUGtfU6dVUXyyVSt3KOteDmuk8g83a2zobUYEaoJ4/wDB9q2+SvLy4aLbOtA31Eo3nYA7eMbfSs3R6mG8IylxxITKjA31jY/I+VdGhFpkLYNIOlMlRLaJUggbbeNbKvKb0prBtKmoJto4V3R2JbeSoGVEKImQUmRHziPmfpitrx+zLSmOyKy2qdaUkQI3g+A9IrrVW1xBSUNFSYGkfDH0+njWh6jYZtrdlNrHbOEBQQdhGrjy5H2qG72LbhscL2k4W8pp+COjKvIuXHA1bBa9ivTJj5z61sh1Jeud1bNqEklKiGdwI5JJrlAXdalulSVJ3SFAhMeg/Gs7b7rqlyQNcydPNbuWFyeW+oqLmTLE9nt29e5l8OLSpDLPdCEBCQZ9OfrVjVWXsoQVX966Ph0Dx8zNWbUmyeaWf8su7STlSTYpSlTCSKUpQClKUApSlAKUpQClKUApSlAcr14tTdvbKGwJcSTO/wAB2qtG8vetJUBcgjRpAWkLBJjbcT4/nVpdbNdpYMK7o0vRKjxKVDaqpfxd0pwkMrk7lYBjznjj7c1RXsG6729FzYOPa3IdlmHwyWUssApkFKEBKU/QbeVTG8/dtt6Gl6XCrUShtMKTHhO/51qLP3f3m7Q6ISZ707gg7f8AVTrS2DStWpIQtKoJUJI+X0FcJJZexPmo8eCQ9eXNyR2r7q0jffYc+Q8Nqy3y2xa2YSk7LMiOOBv+/Goym+xeMKCkBUA6gYH38/LzrNfJQizsyPilQBHrpFcEvviit6on9DUx6NTcBKFOeoKRtEEDYR9qAQyEqCQUjn9/vesd4tSQ5oJBP9M8D/yszIJRpJIBTOwmp8/2nz2SLG9k6RN8ob7JAj61Y1V/7J0qNlerUCP5iRz6VYFWNisUV+fk9JaLFFClfCYMV9qWSBSvhMV9oBSlKAUpSgFKUoBSlKAUpSgOf63TOCcUYhLrZ3Ez3gP1qrn85e2dspm2UpL0nS8ndfERJ8NvCra6qb7TAXve06UBUxMQQf0qlMoD2qgJSDMDxqkv2411jyi76bGM6TT9nOvrLGQBWT/MO5UZ/XnepjVwvUSSJAAEz4CPyqJkEpU4hR0g6ZAO24PyrO331pgAAkeMxWkt4ploktyewtalytRI9fKttelJtbHUpYPfUNMb/DzNai1JKk6dj/f+9S8y44i3sV9kosqKtTm4COI3j9xUXS3Ujj+7FZ1eLlZzjHnb5RrrsIaQEtao1Rv4faprbAUhKe3Sj/UjzHmDX1i2avSQxmMbt/Q4/oMfODUe+Ddg+21cZC10rO62XApIHiSTttUyVOo1hHgFZXDaWks/o7E3DfS+UYtnm1vvKJZUhZidIiTtG9ROsLa66dwTKkZK+eu1IIceU+rdW24AgDx/vW59mGlfTzrjSnlMrullpbgELQIAUk+IME/U1B9qqlOY5q3YYuHnYJ0stKWRMATAPkal9nTQWef+nqbHMHGD/uxvLPCPWWat7xN8+uxRbLCmn3SshwkQZPhGrk0u+q7RlJWza3bzXahkPJRDalkxpBJmZ9ImpuRC77AO+6JUpTjEoSQUlW06fCJ4+tch0/1ULLGs4k425uL5nuNtIbIKjPKgR3fU8eNdnLttRWy59m0YOonJ74/Bk6qu3sf1liXV3jiLRb6S6kqMAaFbR8wNvWujxvU2PyLjrTKnEuIQXAlad1oHJTBM1ynUd2T1vgA6hSlNPINwpttSkNK0q8Y23UOak2jAvfaA7lLdGiwx6HFPvgd1bik6IHmYkn/b51pGU4yePLZ0nGDgs/x/3kldK5FLVzmHLjLu3rbehYT2JAbQSqDyZPnwNhtU89a4ktKWC8pSXeyUhITI2Bn4ojfzn0rlemn2mrzqbuOpQ7bJ7Idko6viG22/xJG1YsdfM23R2UburS6Lr+RKm2F26kOLkIjSCNySCBE71qqlRRwvT+TeVKm5vPtIs2wvGL+0aurRwOMuCUKHjUgVwmBev+kcThMO/jbi7funlF5TCSpLJccKjuBACdW8wNqmnq677PJqOEvALIoAV2SyFyTIHd7xEb6Z5qWqqS+7kiuk2/t4OvpUTF3a77G2t25buW632kuKZdEKbJE6SPMcUrqtzkS6UpQClKUBAzqC7iL1sT3mFjbfwqjr/SFKBAPPnV9XaO0t3UROpBEDx2qiL9pSlHcSDvtVL1NJVISLrpL2kjl8ulXZhSI7p2rLZqCrdDhBIUgwRtvMcfpUu8YLbKnEkakb7VjxbSXmpBBAMaQf3+zXFTTplvpeonW4EojaSIj7Vafs4bbex92242FIOiUrEg/F4VXDOPWCNaXB5d37cx47VZPs3Totb1AHeBR9+9WlpJSuo/n4IPUF+nl+Pk2yujsDK129im1WsypVsotyfOBt+FRm/Z/0wm7RdvYwXLyDKTcurdE/JRI/Ctf/ABbmUYq4yj2KYbs2XlMgqdIWshRSSExxq8z/AH92XVGbvbbE3reLthZ5J1KULS8pSm0kndQgRsD4ner1VIZ4PNprOEdolCEJCUpCUgQABAFIFeVuIbTK1JSPMmK5TrXqp7p6ytrqzYYuGXzCXFO7E7QBHO28+lbymorLMt43OtIFfNKZJAG/jXxLiTAkauSJ4rRozGQ/i04k4pwWAYLnvs92e7A8jyR5iPWstrYG9KRO1YLCyt7C2Tb2yNLYUpW+5JJJJP1NZu0Rv3htzvxXpKgQCkyKztkAAVHubJi4uLZ95GpdssrbPkSkj9alUphMHkAREUIB5r1Ssg87CleqUGEKUpQClKUB5UJmqPyjQZunkDbQ4pMT5Ej61eJFUR7SLLJ4Dql5+zZUbbIuJLKIlt51SjqTz3V7jyn1A2r762dZLHKJ9hcq3m2+GQnkpW2tBTyCCRXjAJOOuCpMKUTwU8+R3/f3r1ZuvurDeWsHbFQ2URDqQfoZqLe5CxtlkNl54kxAYKAT/uqr+nrJOGC6d9byWdR0N3ky/pCUdnuSQIAPekceXFd57OkBu1ukq1B+UFaSPhHej9fwqqMWi+zNyLWz7RgqTKFoVuFSOVRttPG+wieKu3pPAowWMDPauPPuQp15wypRjx/H71MsbHtTU5eCpvb2NWPbprYi+0EFPSt12aRspGx2HxCTX32dgDojDA7xbJ9fOtrmcRa5q191v0uqYmSlDqkT84ImvWHxVphrFFlYIWi3QToQtZXp9BPA9KtNL1NlVp+7UcR02uy6oVmFdQLT757wUMIU5pLLWkQW99jJVvztUX2jps/4PsWsUsO2tsssocSZ06BGx8YIjaumyfQGByORXfPMPturMrSxcLbQsyTJSkjxMnzqTlujsLlrO2srq1Wm0thDLDDqmkIHHCSPCufbljAknKOGcZ1XaPdP9T4C5xV9cquL26ZbeadXrLqSoJUPsVE/KfCpjCHGfa2WO3dWyu3dWEKWTplLciSZO8n0rpbDptLWedyV6o3AYShrHpcJUWUBAClEncrKtW/l8zPsdI4sZsZoC6GQk/zfeXNwdoImIiBEeA8qx22Z07nDdPWCcj1F1NZXN3dpt2WE6VJdKTs47EnlUQOea2HsyzBtcXljlb1KbC2u0tsOuK7oOgakg+XB28zW8v8AomyTbX6sQp62vb1sNOvl9aipGoTIJIJiYkbT5TWwc6TwruCawrlkDYtfC3qIJPiSZkkyZJ5kzWY05J5MKOME05rGi592N9bh7s+17PtBOjmflG9Z8ff2mSthc2Nw2+ySQFtmRIrWq6Wwyr7302CC92Bt950huNMBMxxt8ql4XD2OEsjaY1jsWStTihqKipR5JJ3JrqtXk2NhSlK3ApSlAKUpQClKUAqPeWdvfW67e8YbfYWIU24kKB+hqRSgORyHs/xl4nS1dX1sk8oQ8Fj/AJhUfStFZ+x3Fs3BeusrkLn/AOFBAA/41ZdK00R9DJq8Pgcdhmg3YW6W4/q5UfrWzFfaVslgClKVkClKUApSlAKUpQClKUApSlAKUpQH/9k=', '2011-10-22 15:52:54', '2011-10-22 15:52:54'),
(9, 6, 1, 'test', 'Encore un essai !', '2011-11-06 18:00:00', '2011-11-20 18:00:00', 1, 0, '', 'data:image/jpeg;base64,/9j/4AAQSkZJRgABAQAAAQABAAD/2wBDAAkGBwgHBgkIBwgKCgkLDRYPDQwMDRsUFRAWIB0iIiAdHx8kKDQsJCYxJx8fLT0tMTU3Ojo6Iys/RD84QzQ5Ojf/2wBDAQoKCg0MDRoPDxo3JR8lNzc3Nzc3Nzc3Nzc3Nzc3Nzc3Nzc3Nzc3Nzc3Nzc3Nzc3Nzc3Nzc3Nzc3Nzc3Nzc3Nzf/wAARCACQALQDASIAAhEBAxEB/8QAGwABAAIDAQEAAAAAAAAAAAAAAAQHAwUGAgH/xAA5EAABAwMDAQUGBAQHAQAAAAABAgMRAAQFEiExBhMiQVFhBxQycYGRobHB8BYjQuEVUnKCotHxYv/EABsBAQACAwEBAAAAAAAAAAAAAAAEBQECAwYH/8QAKxEAAgEDAwQBAwQDAAAAAAAAAAECAwQREiExBRNBUbEUIoEkMlLwYaHh/9oADAMBAAIRAxEAPwC8aUpQCvk19PFc9neoUY9CkoSkuGdAKomOT8hXGtWjSjmRvTpyqS0xR0Eik1X1p1bdXF4GhbBYUAEBtZT3v9Un8qz9Gdc/4vcuWd/bu27qXiylTsSFgfAqI358PD78aN5GpysEipY1oJtrg7uleQqvVTCIKUpQClfJqLb5C2uWHHmXkKbaWpDip2SpJhQPyINYbSM4fJLpXJP9cMdrFlaF5nSSHVuhsL3ju8zz4xW+w+Vt8vae820gBRSpKolChyDFc4Vqc3iL3NFOLeEyfSlK6mwpSlAKUpQClKUApSlAKUpQHlzZtRHkaqrqd966zS0IQsBtQaABPG8mPnVrKEpIPiKqrrVq4ss4q4GzLgHeKZKVARH5f3qr6jFvS0WfSnHvPPoye5+5sNXaEklLmrYyTEc+Q5NTb/GsPuZlbCtDtw0HEOtmYKJcbWPUEfWd5rmX+o3nmjblOpKTEJmRE/OP71r8d1evF317bXxW5bqtXCwfFshJIT8uflxxxFtU9MoPyTbihVcdbe6+C7cNd+/4mzvCmFPspcI8iRNTRxXI4TqjAYzDWVm/lbdDjFuhC0qdTKSE8HfY7Hb0NS09d9MKnRl7ZYG8pVO3ntV6tkslA1u8HSUkVoUdXYW4bUq2vEvQQkBveVHYD5zUR7Mvm8RaovW21uNlYC2SCNMavlz4ismMHT+FVtel2x6eyFml4EXGZuNakwJTqLhG/wBjXVsPZN1AU3dWy5EiTBP001w+BxuZzvTLymbppL6MpcPN9oiCs61T4bBUn71wrxc4NLkzLPbkkc8q1ZvbR7J5S6UGkJUGLdsgT9/EkwB5VYHsvtn7Wxfbf1/Cg7mRO+3ziP3tXLYzoy999aC7JNkrtAQ46UrhRPhBP+WR9tqtXF49vHWwZbUVGSpSzyonk1FtqU1NN8IhUabynjGCaKUpViTBSlKAUpSgFKUoBSlKAUpSgB4rV5jFtZBkpWhKp2KVjZQ/Q1tK+VpUpxqR0yNoycXlFXZu1t8LhL62cTo9zdZ0KcJJWhxccDY8EceG9chnMfY3V7ishjUKgJLLrIQEAqAnYCI+MbeIH3sXrO0Ydvsiq60Bn3W3JUCSpMOxwCP81cJ1Mu2xLVqux1JZVczqM7rISZ9PL/bPjWsLeEVk6K6qt4yabBPv5PJC0tsRj13ayEoccCgdJG8kK3nbyrrP4KzTdrJssKhSiChLTAOiYgKBO5iZP58Vy2LxN8zll3GPBUlalKbCeUgkwI+RH2qyMbfXrGsZJtROr45iD57Ef+E1I0rGTjv4NPY4fL2WOfdftGO3RdNo0JZSkJbO5VxueB8jxXQ3zyH0WtvYMtEuWr6VaQEn4Qkn8q1GazS+z7APlTanEBW+wQOZ+w/H1qLmHAhNkjDvK7VKXFOL2hMlHP48f9Vz1RSbMTUspM3eOtrrH6lXDpaKE+M7wDvHl3Sah9I3t9aWqnLNto21w664lKtoJWqVD1mf3Fa1q8yxfYQu5KW+6VNzJKQoDaeOePCJrVWFzmrRluys7nSlqVBvXBAJmPnz+xWO5F752NltHCLIxr109kmjdIhntEBHqYJER8ya62qz6Icyys7bN3zupsIWuBwISRHlO4428iasysqSlujVIUpSsmRSlKAUpSgFKUoBSlKAUpSgFKUoCufaSlfvt0lMALxZUk6QZUl0fjuPT8Kq3MOPZDDrZdcBfa/maAfh33HlwZ2/7q6euLFF3cMa0gk2zyDvuQSg8fQfl41yd5jrdrEXTTTaQXGiJSgHaN5J3+3pUGtfU6dVUXyyVSt3KOteDmuk8g83a2zobUYEaoJ4/wDB9q2+SvLy4aLbOtA31Eo3nYA7eMbfSs3R6mG8IylxxITKjA31jY/I+VdGhFpkLYNIOlMlRLaJUggbbeNbKvKb0prBtKmoJto4V3R2JbeSoGVEKImQUmRHziPmfpitrx+zLSmOyKy2qdaUkQI3g+A9IrrVW1xBSUNFSYGkfDH0+njWh6jYZtrdlNrHbOEBQQdhGrjy5H2qG72LbhscL2k4W8pp+COjKvIuXHA1bBa9ivTJj5z61sh1Jeud1bNqEklKiGdwI5JJrlAXdalulSVJ3SFAhMeg/Gs7b7rqlyQNcydPNbuWFyeW+oqLmTLE9nt29e5l8OLSpDLPdCEBCQZ9OfrVjVWXsoQVX966Ph0Dx8zNWbUmyeaWf8su7STlSTYpSlTCSKUpQClKUApSlAKUpQClKUApSlAcr14tTdvbKGwJcSTO/wAB2qtG8vetJUBcgjRpAWkLBJjbcT4/nVpdbNdpYMK7o0vRKjxKVDaqpfxd0pwkMrk7lYBjznjj7c1RXsG6729FzYOPa3IdlmHwyWUssApkFKEBKU/QbeVTG8/dtt6Gl6XCrUShtMKTHhO/51qLP3f3m7Q6ISZ707gg7f8AVTrS2DStWpIQtKoJUJI+X0FcJJZexPmo8eCQ9eXNyR2r7q0jffYc+Q8Nqy3y2xa2YSk7LMiOOBv+/Goym+xeMKCkBUA6gYH38/LzrNfJQizsyPilQBHrpFcEvviit6on9DUx6NTcBKFOeoKRtEEDYR9qAQyEqCQUjn9/vesd4tSQ5oJBP9M8D/yszIJRpJIBTOwmp8/2nz2SLG9k6RN8ob7JAj61Y1V/7J0qNlerUCP5iRz6VYFWNisUV+fk9JaLFFClfCYMV9qWSBSvhMV9oBSlKAUpSgFKUoBSlKAUpSgOf63TOCcUYhLrZ3Ez3gP1qrn85e2dspm2UpL0nS8ndfERJ8NvCra6qb7TAXve06UBUxMQQf0qlMoD2qgJSDMDxqkv2411jyi76bGM6TT9nOvrLGQBWT/MO5UZ/XnepjVwvUSSJAAEz4CPyqJkEpU4hR0g6ZAO24PyrO331pgAAkeMxWkt4ploktyewtalytRI9fKttelJtbHUpYPfUNMb/DzNai1JKk6dj/f+9S8y44i3sV9kosqKtTm4COI3j9xUXS3Ujj+7FZ1eLlZzjHnb5RrrsIaQEtao1Rv4faprbAUhKe3Sj/UjzHmDX1i2avSQxmMbt/Q4/oMfODUe+Ddg+21cZC10rO62XApIHiSTttUyVOo1hHgFZXDaWks/o7E3DfS+UYtnm1vvKJZUhZidIiTtG9ROsLa66dwTKkZK+eu1IIceU+rdW24AgDx/vW59mGlfTzrjSnlMrullpbgELQIAUk+IME/U1B9qqlOY5q3YYuHnYJ0stKWRMATAPkal9nTQWef+nqbHMHGD/uxvLPCPWWat7xN8+uxRbLCmn3SshwkQZPhGrk0u+q7RlJWza3bzXahkPJRDalkxpBJmZ9ImpuRC77AO+6JUpTjEoSQUlW06fCJ4+tch0/1ULLGs4k425uL5nuNtIbIKjPKgR3fU8eNdnLttRWy59m0YOonJ74/Bk6qu3sf1liXV3jiLRb6S6kqMAaFbR8wNvWujxvU2PyLjrTKnEuIQXAlad1oHJTBM1ynUd2T1vgA6hSlNPINwpttSkNK0q8Y23UOak2jAvfaA7lLdGiwx6HFPvgd1bik6IHmYkn/b51pGU4yePLZ0nGDgs/x/3kldK5FLVzmHLjLu3rbehYT2JAbQSqDyZPnwNhtU89a4ktKWC8pSXeyUhITI2Bn4ojfzn0rlemn2mrzqbuOpQ7bJ7Idko6viG22/xJG1YsdfM23R2UburS6Lr+RKm2F26kOLkIjSCNySCBE71qqlRRwvT+TeVKm5vPtIs2wvGL+0aurRwOMuCUKHjUgVwmBev+kcThMO/jbi7funlF5TCSpLJccKjuBACdW8wNqmnq677PJqOEvALIoAV2SyFyTIHd7xEb6Z5qWqqS+7kiuk2/t4OvpUTF3a77G2t25buW632kuKZdEKbJE6SPMcUrqtzkS6UpQClKUBAzqC7iL1sT3mFjbfwqjr/SFKBAPPnV9XaO0t3UROpBEDx2qiL9pSlHcSDvtVL1NJVISLrpL2kjl8ulXZhSI7p2rLZqCrdDhBIUgwRtvMcfpUu8YLbKnEkakb7VjxbSXmpBBAMaQf3+zXFTTplvpeonW4EojaSIj7Vafs4bbex92242FIOiUrEg/F4VXDOPWCNaXB5d37cx47VZPs3Totb1AHeBR9+9WlpJSuo/n4IPUF+nl+Pk2yujsDK129im1WsypVsotyfOBt+FRm/Z/0wm7RdvYwXLyDKTcurdE/JRI/Ctf/ABbmUYq4yj2KYbs2XlMgqdIWshRSSExxq8z/AH92XVGbvbbE3reLthZ5J1KULS8pSm0kndQgRsD4ner1VIZ4PNprOEdolCEJCUpCUgQABAFIFeVuIbTK1JSPMmK5TrXqp7p6ytrqzYYuGXzCXFO7E7QBHO28+lbymorLMt43OtIFfNKZJAG/jXxLiTAkauSJ4rRozGQ/i04k4pwWAYLnvs92e7A8jyR5iPWstrYG9KRO1YLCyt7C2Tb2yNLYUpW+5JJJJP1NZu0Rv3htzvxXpKgQCkyKztkAAVHubJi4uLZ95GpdssrbPkSkj9alUphMHkAREUIB5r1Ssg87CleqUGEKUpQClKUB5UJmqPyjQZunkDbQ4pMT5Ej61eJFUR7SLLJ4Dql5+zZUbbIuJLKIlt51SjqTz3V7jyn1A2r762dZLHKJ9hcq3m2+GQnkpW2tBTyCCRXjAJOOuCpMKUTwU8+R3/f3r1ZuvurDeWsHbFQ2URDqQfoZqLe5CxtlkNl54kxAYKAT/uqr+nrJOGC6d9byWdR0N3ky/pCUdnuSQIAPekceXFd57OkBu1ukq1B+UFaSPhHej9fwqqMWi+zNyLWz7RgqTKFoVuFSOVRttPG+wieKu3pPAowWMDPauPPuQp15wypRjx/H71MsbHtTU5eCpvb2NWPbprYi+0EFPSt12aRspGx2HxCTX32dgDojDA7xbJ9fOtrmcRa5q191v0uqYmSlDqkT84ImvWHxVphrFFlYIWi3QToQtZXp9BPA9KtNL1NlVp+7UcR02uy6oVmFdQLT757wUMIU5pLLWkQW99jJVvztUX2jps/4PsWsUsO2tsssocSZ06BGx8YIjaumyfQGByORXfPMPturMrSxcLbQsyTJSkjxMnzqTlujsLlrO2srq1Wm0thDLDDqmkIHHCSPCufbljAknKOGcZ1XaPdP9T4C5xV9cquL26ZbeadXrLqSoJUPsVE/KfCpjCHGfa2WO3dWyu3dWEKWTplLciSZO8n0rpbDptLWedyV6o3AYShrHpcJUWUBAClEncrKtW/l8zPsdI4sZsZoC6GQk/zfeXNwdoImIiBEeA8qx22Z07nDdPWCcj1F1NZXN3dpt2WE6VJdKTs47EnlUQOea2HsyzBtcXljlb1KbC2u0tsOuK7oOgakg+XB28zW8v8AomyTbX6sQp62vb1sNOvl9aipGoTIJIJiYkbT5TWwc6TwruCawrlkDYtfC3qIJPiSZkkyZJ5kzWY05J5MKOME05rGi592N9bh7s+17PtBOjmflG9Z8ff2mSthc2Nw2+ySQFtmRIrWq6Wwyr7302CC92Bt950huNMBMxxt8ql4XD2OEsjaY1jsWStTihqKipR5JJ3JrqtXk2NhSlK3ApSlAKUpQClKUAqPeWdvfW67e8YbfYWIU24kKB+hqRSgORyHs/xl4nS1dX1sk8oQ8Fj/AJhUfStFZ+x3Fs3BeusrkLn/AOFBAA/41ZdK00R9DJq8Pgcdhmg3YW6W4/q5UfrWzFfaVslgClKVkClKUApSlAKUpQClKUApSlAKUpQH/9k=', '2011-11-06 16:36:48', '2011-11-06 16:36:48'),
(10, 6, 2, 'Perm touchette', 'On stouche et on scaresse', '2011-12-12 00:00:00', '2011-12-25 00:00:00', 1, 1, '', 'data:image/jpeg;base64,/9j/4AAQSkZJRgABAQAAAQABAAD/2wBDAAkGBwgHBgkIBwgKCgkLDRYPDQwMDRsUFRAWIB0iIiAdHx8kKDQsJCYxJx8fLT0tMTU3Ojo6Iys/RD84QzQ5Ojf/2wBDAQoKCg0MDRoPDxo3JR8lNzc3Nzc3Nzc3Nzc3Nzc3Nzc3Nzc3Nzc3Nzc3Nzc3Nzc3Nzc3Nzc3Nzc3Nzc3Nzc3Nzf/wAARCACQALQDASIAAhEBAxEB/8QAGwABAAIDAQEAAAAAAAAAAAAAAAQHAwUGAgH/xAA5EAABAwMDAQUGBAQHAQAAAAABAgMRAAQFEiExBhMiQVFhBxQycYGRobHB8BYjQuEVUnKCotHxYv/EABsBAQACAwEBAAAAAAAAAAAAAAAEBQECAwYH/8QAKxEAAgEDAwQBAwQDAAAAAAAAAAECAwQREiExBRNBUbEUIoEkMlLwYaHh/9oADAMBAAIRAxEAPwC8aUpQCvk19PFc9neoUY9CkoSkuGdAKomOT8hXGtWjSjmRvTpyqS0xR0Eik1X1p1bdXF4GhbBYUAEBtZT3v9Un8qz9Gdc/4vcuWd/bu27qXiylTsSFgfAqI358PD78aN5GpysEipY1oJtrg7uleQqvVTCIKUpQClfJqLb5C2uWHHmXkKbaWpDip2SpJhQPyINYbSM4fJLpXJP9cMdrFlaF5nSSHVuhsL3ju8zz4xW+w+Vt8vae820gBRSpKolChyDFc4Vqc3iL3NFOLeEyfSlK6mwpSlAKUpQClKUApSlAKUpQHlzZtRHkaqrqd966zS0IQsBtQaABPG8mPnVrKEpIPiKqrrVq4ss4q4GzLgHeKZKVARH5f3qr6jFvS0WfSnHvPPoye5+5sNXaEklLmrYyTEc+Q5NTb/GsPuZlbCtDtw0HEOtmYKJcbWPUEfWd5rmX+o3nmjblOpKTEJmRE/OP71r8d1evF317bXxW5bqtXCwfFshJIT8uflxxxFtU9MoPyTbihVcdbe6+C7cNd+/4mzvCmFPspcI8iRNTRxXI4TqjAYzDWVm/lbdDjFuhC0qdTKSE8HfY7Hb0NS09d9MKnRl7ZYG8pVO3ntV6tkslA1u8HSUkVoUdXYW4bUq2vEvQQkBveVHYD5zUR7Mvm8RaovW21uNlYC2SCNMavlz4ismMHT+FVtel2x6eyFml4EXGZuNakwJTqLhG/wBjXVsPZN1AU3dWy5EiTBP001w+BxuZzvTLymbppL6MpcPN9oiCs61T4bBUn71wrxc4NLkzLPbkkc8q1ZvbR7J5S6UGkJUGLdsgT9/EkwB5VYHsvtn7Wxfbf1/Cg7mRO+3ziP3tXLYzoy999aC7JNkrtAQ46UrhRPhBP+WR9tqtXF49vHWwZbUVGSpSzyonk1FtqU1NN8IhUabynjGCaKUpViTBSlKAUpSgFKUoBSlKAUpSgB4rV5jFtZBkpWhKp2KVjZQ/Q1tK+VpUpxqR0yNoycXlFXZu1t8LhL62cTo9zdZ0KcJJWhxccDY8EceG9chnMfY3V7ishjUKgJLLrIQEAqAnYCI+MbeIH3sXrO0Ydvsiq60Bn3W3JUCSpMOxwCP81cJ1Mu2xLVqux1JZVczqM7rISZ9PL/bPjWsLeEVk6K6qt4yabBPv5PJC0tsRj13ayEoccCgdJG8kK3nbyrrP4KzTdrJssKhSiChLTAOiYgKBO5iZP58Vy2LxN8zll3GPBUlalKbCeUgkwI+RH2qyMbfXrGsZJtROr45iD57Ef+E1I0rGTjv4NPY4fL2WOfdftGO3RdNo0JZSkJbO5VxueB8jxXQ3zyH0WtvYMtEuWr6VaQEn4Qkn8q1GazS+z7APlTanEBW+wQOZ+w/H1qLmHAhNkjDvK7VKXFOL2hMlHP48f9Vz1RSbMTUspM3eOtrrH6lXDpaKE+M7wDvHl3Sah9I3t9aWqnLNto21w664lKtoJWqVD1mf3Fa1q8yxfYQu5KW+6VNzJKQoDaeOePCJrVWFzmrRluys7nSlqVBvXBAJmPnz+xWO5F752NltHCLIxr109kmjdIhntEBHqYJER8ya62qz6Icyys7bN3zupsIWuBwISRHlO4428iasysqSlujVIUpSsmRSlKAUpSgFKUoBSlKAUpSgFKUoCufaSlfvt0lMALxZUk6QZUl0fjuPT8Kq3MOPZDDrZdcBfa/maAfh33HlwZ2/7q6euLFF3cMa0gk2zyDvuQSg8fQfl41yd5jrdrEXTTTaQXGiJSgHaN5J3+3pUGtfU6dVUXyyVSt3KOteDmuk8g83a2zobUYEaoJ4/wDB9q2+SvLy4aLbOtA31Eo3nYA7eMbfSs3R6mG8IylxxITKjA31jY/I+VdGhFpkLYNIOlMlRLaJUggbbeNbKvKb0prBtKmoJto4V3R2JbeSoGVEKImQUmRHziPmfpitrx+zLSmOyKy2qdaUkQI3g+A9IrrVW1xBSUNFSYGkfDH0+njWh6jYZtrdlNrHbOEBQQdhGrjy5H2qG72LbhscL2k4W8pp+COjKvIuXHA1bBa9ivTJj5z61sh1Jeud1bNqEklKiGdwI5JJrlAXdalulSVJ3SFAhMeg/Gs7b7rqlyQNcydPNbuWFyeW+oqLmTLE9nt29e5l8OLSpDLPdCEBCQZ9OfrVjVWXsoQVX966Ph0Dx8zNWbUmyeaWf8su7STlSTYpSlTCSKUpQClKUApSlAKUpQClKUApSlAcr14tTdvbKGwJcSTO/wAB2qtG8vetJUBcgjRpAWkLBJjbcT4/nVpdbNdpYMK7o0vRKjxKVDaqpfxd0pwkMrk7lYBjznjj7c1RXsG6729FzYOPa3IdlmHwyWUssApkFKEBKU/QbeVTG8/dtt6Gl6XCrUShtMKTHhO/51qLP3f3m7Q6ISZ707gg7f8AVTrS2DStWpIQtKoJUJI+X0FcJJZexPmo8eCQ9eXNyR2r7q0jffYc+Q8Nqy3y2xa2YSk7LMiOOBv+/Goym+xeMKCkBUA6gYH38/LzrNfJQizsyPilQBHrpFcEvviit6on9DUx6NTcBKFOeoKRtEEDYR9qAQyEqCQUjn9/vesd4tSQ5oJBP9M8D/yszIJRpJIBTOwmp8/2nz2SLG9k6RN8ob7JAj61Y1V/7J0qNlerUCP5iRz6VYFWNisUV+fk9JaLFFClfCYMV9qWSBSvhMV9oBSlKAUpSgFKUoBSlKAUpSgOf63TOCcUYhLrZ3Ez3gP1qrn85e2dspm2UpL0nS8ndfERJ8NvCra6qb7TAXve06UBUxMQQf0qlMoD2qgJSDMDxqkv2411jyi76bGM6TT9nOvrLGQBWT/MO5UZ/XnepjVwvUSSJAAEz4CPyqJkEpU4hR0g6ZAO24PyrO331pgAAkeMxWkt4ploktyewtalytRI9fKttelJtbHUpYPfUNMb/DzNai1JKk6dj/f+9S8y44i3sV9kosqKtTm4COI3j9xUXS3Ujj+7FZ1eLlZzjHnb5RrrsIaQEtao1Rv4faprbAUhKe3Sj/UjzHmDX1i2avSQxmMbt/Q4/oMfODUe+Ddg+21cZC10rO62XApIHiSTttUyVOo1hHgFZXDaWks/o7E3DfS+UYtnm1vvKJZUhZidIiTtG9ROsLa66dwTKkZK+eu1IIceU+rdW24AgDx/vW59mGlfTzrjSnlMrullpbgELQIAUk+IME/U1B9qqlOY5q3YYuHnYJ0stKWRMATAPkal9nTQWef+nqbHMHGD/uxvLPCPWWat7xN8+uxRbLCmn3SshwkQZPhGrk0u+q7RlJWza3bzXahkPJRDalkxpBJmZ9ImpuRC77AO+6JUpTjEoSQUlW06fCJ4+tch0/1ULLGs4k425uL5nuNtIbIKjPKgR3fU8eNdnLttRWy59m0YOonJ74/Bk6qu3sf1liXV3jiLRb6S6kqMAaFbR8wNvWujxvU2PyLjrTKnEuIQXAlad1oHJTBM1ynUd2T1vgA6hSlNPINwpttSkNK0q8Y23UOak2jAvfaA7lLdGiwx6HFPvgd1bik6IHmYkn/b51pGU4yePLZ0nGDgs/x/3kldK5FLVzmHLjLu3rbehYT2JAbQSqDyZPnwNhtU89a4ktKWC8pSXeyUhITI2Bn4ojfzn0rlemn2mrzqbuOpQ7bJ7Idko6viG22/xJG1YsdfM23R2UburS6Lr+RKm2F26kOLkIjSCNySCBE71qqlRRwvT+TeVKm5vPtIs2wvGL+0aurRwOMuCUKHjUgVwmBev+kcThMO/jbi7funlF5TCSpLJccKjuBACdW8wNqmnq677PJqOEvALIoAV2SyFyTIHd7xEb6Z5qWqqS+7kiuk2/t4OvpUTF3a77G2t25buW632kuKZdEKbJE6SPMcUrqtzkS6UpQClKUBAzqC7iL1sT3mFjbfwqjr/SFKBAPPnV9XaO0t3UROpBEDx2qiL9pSlHcSDvtVL1NJVISLrpL2kjl8ulXZhSI7p2rLZqCrdDhBIUgwRtvMcfpUu8YLbKnEkakb7VjxbSXmpBBAMaQf3+zXFTTplvpeonW4EojaSIj7Vafs4bbex92242FIOiUrEg/F4VXDOPWCNaXB5d37cx47VZPs3Totb1AHeBR9+9WlpJSuo/n4IPUF+nl+Pk2yujsDK129im1WsypVsotyfOBt+FRm/Z/0wm7RdvYwXLyDKTcurdE/JRI/Ctf/ABbmUYq4yj2KYbs2XlMgqdIWshRSSExxq8z/AH92XVGbvbbE3reLthZ5J1KULS8pSm0kndQgRsD4ner1VIZ4PNprOEdolCEJCUpCUgQABAFIFeVuIbTK1JSPMmK5TrXqp7p6ytrqzYYuGXzCXFO7E7QBHO28+lbymorLMt43OtIFfNKZJAG/jXxLiTAkauSJ4rRozGQ/i04k4pwWAYLnvs92e7A8jyR5iPWstrYG9KRO1YLCyt7C2Tb2yNLYUpW+5JJJJP1NZu0Rv3htzvxXpKgQCkyKztkAAVHubJi4uLZ95GpdssrbPkSkj9alUphMHkAREUIB5r1Ssg87CleqUGEKUpQClKUB5UJmqPyjQZunkDbQ4pMT5Ej61eJFUR7SLLJ4Dql5+zZUbbIuJLKIlt51SjqTz3V7jyn1A2r762dZLHKJ9hcq3m2+GQnkpW2tBTyCCRXjAJOOuCpMKUTwU8+R3/f3r1ZuvurDeWsHbFQ2URDqQfoZqLe5CxtlkNl54kxAYKAT/uqr+nrJOGC6d9byWdR0N3ky/pCUdnuSQIAPekceXFd57OkBu1ukq1B+UFaSPhHej9fwqqMWi+zNyLWz7RgqTKFoVuFSOVRttPG+wieKu3pPAowWMDPauPPuQp15wypRjx/H71MsbHtTU5eCpvb2NWPbprYi+0EFPSt12aRspGx2HxCTX32dgDojDA7xbJ9fOtrmcRa5q191v0uqYmSlDqkT84ImvWHxVphrFFlYIWi3QToQtZXp9BPA9KtNL1NlVp+7UcR02uy6oVmFdQLT757wUMIU5pLLWkQW99jJVvztUX2jps/4PsWsUsO2tsssocSZ06BGx8YIjaumyfQGByORXfPMPturMrSxcLbQsyTJSkjxMnzqTlujsLlrO2srq1Wm0thDLDDqmkIHHCSPCufbljAknKOGcZ1XaPdP9T4C5xV9cquL26ZbeadXrLqSoJUPsVE/KfCpjCHGfa2WO3dWyu3dWEKWTplLciSZO8n0rpbDptLWedyV6o3AYShrHpcJUWUBAClEncrKtW/l8zPsdI4sZsZoC6GQk/zfeXNwdoImIiBEeA8qx22Z07nDdPWCcj1F1NZXN3dpt2WE6VJdKTs47EnlUQOea2HsyzBtcXljlb1KbC2u0tsOuK7oOgakg+XB28zW8v8AomyTbX6sQp62vb1sNOvl9aipGoTIJIJiYkbT5TWwc6TwruCawrlkDYtfC3qIJPiSZkkyZJ5kzWY05J5MKOME05rGi592N9bh7s+17PtBOjmflG9Z8ff2mSthc2Nw2+ySQFtmRIrWq6Wwyr7302CC92Bt950huNMBMxxt8ql4XD2OEsjaY1jsWStTihqKipR5JJ3JrqtXk2NhSlK3ApSlAKUpQClKUAqPeWdvfW67e8YbfYWIU24kKB+hqRSgORyHs/xl4nS1dX1sk8oQ8Fj/AJhUfStFZ+x3Fs3BeusrkLn/AOFBAA/41ZdK00R9DJq8Pgcdhmg3YW6W4/q5UfrWzFfaVslgClKVkClKUApSlAKUpQClKUApSlAKUpQH/9k=', '2011-12-10 16:47:07', '2011-12-10 16:47:07');

INSERT INTO `filiere` (`id`, `name`) VALUES
(1, 'TC05'),
(2, 'Zotres');

INSERT INTO `role` (`id`, `name`, `sort`, `bureau`) VALUES
(1, 'Membre', 0, 0),
(2, 'Président', NULL, 1),
(3, 'Sysadmin', NULL, 1);

INSERT INTO `semestre` (`id`, `name`) VALUES
(1, 'P10'),
(2, 'A10'),
(3, 'P11'),
(4, 'A11'),
(5, 'P12');

INSERT INTO `sf_guard_user` (`id`, `first_name`, `last_name`, `email_address`, `username`, `algorithm`, `salt`, `password`, `is_active`, `is_super_admin`, `last_login`, `created_at`, `updated_at`) VALUES
(1, 'Camille', 'Béglot', 'beglotca@etu.utc.fr', 'beglotca', 'sha1', '8402ba8b6a2e8e8286b69e0d177d8471', '0ead65dfd830f3a4d0233b2a868498d1aa2be4dc', 1, 0, '2011-12-10 19:58:04', '2011-10-22 15:45:26', '2011-12-10 19:58:04'),
(4, 'Matthieu', 'Guffroy', 'mguffroy@etu.utc.fr', 'mguffroy', 'sha1', '9e16107eae57a96749cabebe2720c9fb', '9fdb8bf9f871e6fc6a78fa048f7dd50c0abbd957', 1, 0, '2011-11-11 16:35:55', '2011-11-11 16:35:55', '2011-11-11 16:35:55'),
(7, 'Emilien', 'Kenler', 'kenlerem@etu.utc.fr', 'kenlerem', 'sha1', 'a31a6efbbd9f06739a9e1b6da59d144e', '09eadbdca91e41ee98ac6f85b531c80d02e98891', 1, 0, '2011-12-17 14:15:27', '2011-11-11 17:59:52', '2011-12-17 14:15:27');

INSERT INTO `profile` (`id`, `user_id`, `domain`, `nickname`, `birthday`, `sexe`, `mobile`, `home_place`, `family_place`, `branche_id`, `filiere_id`, `semestre`, `other_email`, `photo`, `weekmail`, `autorisation_photo`, `cotisant`, `created_at`, `updated_at`) VALUES
(1, 1, '0', '', NULL, NULL, '', NULL, NULL, NULL, NULL, NULL, NULL, NULL, NULL, NULL, NULL, '2011-10-22 15:45:26', '2011-10-22 15:45:26'),
(4, 4, '0', '', NULL, NULL, '', NULL, NULL, 1, 1, 5, '', '', 0, 0, 0, '2011-11-11 16:35:55', '2011-11-11 16:35:55'),
(7, 7, '0', '', NULL, NULL, '', NULL, NULL, 2, 2, 1, '', '', 0, 0, 0, '2011-11-11 17:59:52', '2011-11-11 17:59:52');

INSERT INTO `asso_member` (`id`, `user_id`, `asso_id`, `role_id`, `semestre_id`, `created_at`, `updated_at`) VALUES
(1, 4, 2, 2, 4, '0000-00-00 00:00:00', '0000-00-00 00:00:00'),
(2, 7, 2, 3, 4, '0000-00-00 00:00:00', '0000-00-00 00:00:00');
SET FOREIGN_KEY_CHECKS = 1;