SET SQL_MODE="NO_AUTO_VALUE_ON_ZERO";
SET foreign_key_checks = 0;

INSERT INTO `asso` (`id`, `name`, `login`, `pole_id`, `type_id`, `url_site`, `description`, `logo`, `active`, `passation`, `salle`, `phone`, `facebook`, `summary`, `created_at`, `updated_at`) VALUES
(1, 'BDE-UTC', 'bde', 1, 3, 'http://assos.utc.fr/', 'Le bureau des étudiants de l''UTC (BDE-UTC) est une association 1901 qui a pour objet l''animation et la structuration de la vie étudiante de l''UTC de manière saine, responsable et constructive.\r\n\r\nDans ce cadre le BDE-UTC administre la Maison des Étudiants (MDE), partie du bâtiment C du centre Benjamin Franklin, dans le cadre de la Convention d''Occupation de la MDE signée chaque année avec l''UTC. Depuis début septembre, le BDE et ses commissions s''attache à supprimer les nuisances sonores aux abords des bâtiments.', NULL, 1, NULL, NULL, NULL, NULL, '', '2011-05-14 11:32:40', '2011-05-14 11:32:42'),
(2, 'SiMDE', 'simde', 1, 1, 'http://assos.utc.fr/simde', 'Service informatique de la Maison des Étudiants\r\nchargé de la mise en place de :\r\nRessource informatique au sein de la MDE\r\nLes serveurs : Phoenix et Centaure \r\nLe site assos.utc.fr\r\nL''intranet des assos', 'http://assos.utc.fr/simde/wiki/lib/tpl/arctic/images/logosimde.png', 1, NULL, NULL, NULL, NULL, '', '2011-05-14 11:06:17', '2011-05-14 11:06:24'),
(3, 'Pôle Artistique et Évènementiel', 'poleae', NULL, 3, 'http://assos.utc.fr/poleae', NULL, 'http://assos.utc.fr/poleae/logos/poleae.png', 1, NULL, NULL, NULL, NULL, '', '2011-05-14 11:10:48', '2011-05-14 11:10:51'),
(4, 'Pôle Solidarite et Citoyennete', 'polesec', NULL, 3, NULL, 'Le Pôle Solidarité et Citoyenneté est là pour soutenir, accompagner et coordonner les associations à caractère solidaire ou citoyenne de l''UTC. Il est composé des membres des asso artistiques et événementielles de la fédération BDE-UTC. Le pôle est la personne à contacter si tu as envie de t''investir dans la solidarité internationale, le développement durable, la défense des droits de l''homme, le combat contre les discriminations de toutes sortes, mais que tu ne sais pas quelle asso rejoindre. De même, si tu apportes ton propre projet associatif, n''hésite pas à nous contacter pour le lancer dans de bonnes conditions.', NULL, NULL, NULL, NULL, NULL, NULL, '', '2011-05-14 11:15:35', '2011-05-14 11:15:37'),
(5, 'Pôle Technologie et Entreprenariat', 'polete', NULL, 3, NULL, NULL, NULL, NULL, NULL, NULL, NULL, NULL, '', '2011-05-14 11:17:11', '2011-05-14 11:17:13'),
(6, 'Pôle Vie du Campus', 'polevdc', NULL, 3, NULL, NULL, NULL, 1, NULL, NULL, NULL, NULL, '', '2011-05-14 11:29:47', '2011-05-14 11:29:49'),
(7, 'USEC', 'usec', 4, 3, 'http://assos.utc.fr/usec', 'Envie de toucher du doigt le monde de l''Entreprise? \r\nRejoins l''équipe de l''USEC, Junior-Entreprise de l''UTC! \r\n\r\nProche du fonctionnement les entreprises de conseil, nous mettons à disposition de clients industriels, du secteur tertiaire et particuliers, les compétences et connaissances acquises durant notre cycle ingénieur à l''UTC. Et bien sûr, chaque étudiant qui travaille pour l''USEC est rémunéré!\r\n\r\nL''USEC sera ton lien privilégié avec les entreprises durant tes années à l''UTC!\r\n\r\nViens nous voir en FC221!!', NULL, 1, NULL, NULL, NULL, NULL, '', '2011-05-14 11:33:41', '2011-05-14 11:33:43'),
(8, 'Polar', 'polar', 5, 3, 'http://assos.utc.fr/polar', 'LA centrale d''achat des étudiants : matériel informatique, fournitures, papier ; mais aussi tout le service : impressions de rapports, posters, location de vidéoprojecteur, de WiiPack, de manuel de langue, et bien d''autres encore !', 'http://assos.utc.fr/polar/styles/0/textures/logo.png', 1, NULL, NULL, NULL, NULL, '', '2011-05-14 11:35:22', '2011-05-14 11:35:24'),
(9, 'Comet', 'comet', 2, 1, 'http://assos.utc.fr/comet', 'Organisation des soirées Étudiantes (Estu), location de matériel de son et lumières à bas prix.', 'http://wwwassos.utc.fr/poleae/logos/comet.jpg', 1, NULL, NULL, NULL, NULL, '', '2011-05-14 11:37:01', '2011-05-14 11:37:03'),
(10, 'UVweb', 'uvweb', 5, 3, 'http://assos.utc.fr/uvweb', 'Hit-Parade des UV UTCéennes', 'http://assos.utc.fr/uvweb/logo.gif', NULL, NULL, NULL, NULL, NULL, '', '2012-04-03 01:21:26', '2012-04-03 01:21:26'),
(11, 'Ingénieurs sans frontières', 'isf', 3, 3, 'http://assos.utc.fr/isf', NULL, 'http://assos.utc.fr/polesc/logo/isf.jpg', NULL, NULL, NULL, NULL, NULL, '', '2012-04-03 01:21:26', '2012-04-03 01:21:26'),
(13, 'lanutc', 'lanutc', 5, 4, 'http://assos.utc.fr/lanutc', NULL, NULL, NULL, NULL, NULL, NULL, NULL, '', '2012-04-03 01:21:26', '2012-04-03 01:21:26'),
(14, 'polevdc', 'polevdc', NULL, NULL, 'http://assos.utc.fr/polevdc', NULL, NULL, NULL, NULL, NULL, NULL, NULL, '', '2012-04-03 01:21:26', '2012-04-03 01:21:26'),
(15, 'Bestyear', 'by', 5, 1, 'http://assos.utc.fr/bestyear', 'Le BestYear est une association dépendant du BDE.Son principal rôle est de tenir à jour des informations pratiques sur le plus d''étudiants ingénieurs de l''UTC et en les diffusant à tous les UTCéens.\r\n\r\nSon site web permet d''obtenir les dernières informations sur une personne, alors que l''annuaire papier, proposé tous les ans à tout ceux qui en ont fait la demande, permet de garder un souvenir des années dans notre école.\r\n\r\nNous avons un rôle important à jouer afin de permettre à ceux qui ont quitté Compiègne de garder contact avec des anciens de leur promo.', NULL, NULL, NULL, NULL, NULL, NULL, '', '2012-04-03 01:21:26', '2012-04-03 01:21:26'),
(17, 'Objectifs', 'objectifs', 5, 3, 'http://assos.utc.fr/objectifs', NULL, NULL, NULL, NULL, NULL, NULL, NULL, '', '2012-04-03 01:21:26', '2012-04-03 01:21:26'),
(18, 'Upsilon', 'upsilon', 5, 3, 'http://assos.utc.fr/upsilon', NULL, NULL, NULL, NULL, NULL, NULL, NULL, '', '2012-04-03 01:21:26', '2012-04-03 01:21:26'),
(19, 'Le Fil', 'lefil', 5, 1, 'http://assos.utc.fr/lefil', 'Le Fil est le journal de l''UTC écrit par et pour les étudiants. Le but de l''assos est de vous occuper en amphi. Tout le monde peut y contribuer. Et ce, en envoyant vos articles humoristiques et décalés, vos jeux, vos blagues et vos dessins. Vous pouvez de plus participer en écoutant en amphi et en notant (non pas le cours, mais) les phrases cultes de vos profs adorés.Vous pouvez enfin nous aider en corrigeant, pliant, imprimant, embrassant...\r\nAdiou à vous', NULL, NULL, NULL, NULL, NULL, NULL, '', '2012-04-03 01:21:26', '2012-04-03 01:21:26'),
(21, 'clubdego', 'clubdego', 5, NULL, 'http://assos.utc.fr/clubdego', NULL, NULL, NULL, NULL, NULL, NULL, NULL, '', '2012-04-03 01:21:26', '2012-04-03 01:21:26'),
(22, 'Club Chine', 'clubchine', 5, 4, 'http://assos.utc.fr/clubchine', NULL, NULL, NULL, NULL, NULL, NULL, NULL, '', '2012-04-03 01:21:26', '2012-04-03 01:21:26'),
(23, 'Numeo', 'numeo', 2, 1, 'http://assos.utc.fr/numeo', NULL, 'http://assos.utc.fr/poleae/logos/numeo.png', NULL, NULL, NULL, NULL, NULL, '', '2012-04-03 01:21:26', '2012-04-03 01:21:26'),
(25, 'Objectifs Argentina', 'argentina', 3, 2, 'http://assos.utc.fr/argentina', NULL, NULL, NULL, NULL, NULL, NULL, NULL, '', '2012-04-03 01:21:26', '2012-04-03 01:21:26'),
(26, 'Larsen', 'larsen', 2, 1, 'http://assos.utc.fr/larsen', NULL, 'http://assos.utc.fr/poleae/logos/larsen.png', NULL, NULL, NULL, NULL, NULL, '', '2012-04-03 01:21:26', '2012-04-03 01:21:26'),
(27, 'ptp', 'ptp', NULL, NULL, 'http://assos.utc.fr/ptp', NULL, NULL, NULL, NULL, NULL, NULL, NULL, '', '2012-04-03 01:21:26', '2012-04-03 01:21:26'),
(28, 'Esperanto', 'esperanto', 5, 3, 'http://assos.utc.fr/esperanto', 'Esperanto est une association qui s''occupe d''accueillir et d''intégrer chaque semestre les étudiants internationaux en échange à l''UTC. Notre rôle est de les accueillir dès leur arrivée (système de parrainage mis en place quelques semaines avant leur venue) et de leur présenter la ville et l''UTC, de les aider dans toutes leurs démarches administratives mais aussi de les intégrer à la culture française en leur faisant découvrir notre pays.\r\n\r\nEsperanto fait partie du réseau européen ERASMUS STUDENT NETWORK en tant que section ESN Compiègne! Ce réseau regroupe plus de 350 sections en europe dont une vingtaine en France avec les mêmes objectifs d''accueil et d''intégration des étudiants internationaux.\r\n\r\nNous organisons de nombreuses activités comme des Week-end culturels dans différentes régions françaises pour leur faire découvrir notre pays. Les étudiants peuvent également participer activement à la vie de l''association avec les soirées aux couleurs d''un pays, où ils nous font découvrir leur culture (spécialités gastronomiques, musique, danse, traditions,...).\r\n\r\nQuelques activités du semestre P11: Week-end en Champagne, Restaurant Français, Soirée au Palais Maillot à Paris, Soirée au Mix Club à Paris, Soirées au Macadam Café de Compiègne, second week-end en mai, Organisation de la Plateforme Nationale du réseau ESN en Juin prochain!', NULL, NULL, NULL, NULL, NULL, NULL, '', '2012-04-03 01:21:26', '2012-04-03 01:21:26'),
(29, 'Festupic', 'festupic', 2, 1, 'http://assos.utc.fr/festupic', NULL, NULL, NULL, NULL, NULL, NULL, NULL, '', '2012-04-03 01:21:26', '2012-04-03 01:21:26'),
(30, 'Toit au Nepal', 'toitaunepal', 3, 2, 'http://assos.utc.fr/toitaunepal', NULL, 'http://assos.utc.fr/polesc/logo/toit.png', NULL, NULL, NULL, NULL, NULL, '', '2012-04-03 01:21:26', '2012-04-03 01:21:26'),
(31, 'Humaniraid', 'humaniraid', 3, 3, 'http://assos.utc.fr/humaniraid', NULL, 'http://assos.utc.fr/polesc/logo/humaniraid.jpg', NULL, NULL, NULL, NULL, NULL, '', '2012-04-03 01:21:26', '2012-04-03 01:21:26'),
(32, 'Infojob', 'infojob', 4, NULL, 'http://assos.utc.fr/infojob', NULL, NULL, NULL, NULL, NULL, NULL, NULL, '', '2012-04-03 01:21:26', '2012-04-03 01:21:26'),
(33, 'DDR', 'ddr', 2, NULL, 'http://assos.utc.fr/ddr', NULL, NULL, NULL, NULL, NULL, NULL, NULL, '', '2012-04-03 01:21:26', '2012-04-03 01:21:26'),
(34, 'Orion', 'orion', 4, NULL, 'http://assos.utc.fr/orion', NULL, NULL, NULL, NULL, NULL, NULL, NULL, '', '2012-04-03 01:21:26', '2012-04-03 01:21:26'),
(35, 'Jonglut', 'jonglage', 2, 4, 'http://assos.utc.fr/jonglage', 'Un des objectifs majeur de Jonglut est de promouvoir la jonglerie et plus généralement les arts du cirque, au sein de l''UTC et de Compiègne. On se réunit donc chaque semaine pour échanger et progresser. Selon les motivations, un spectacle peut être envisagé. Initié ou non, tu es évidemment le bienvenu ! Nous participons également à divers événements en proposant des animations tels que spectacles, démonstrations de jonglage enflammé ou non, ateliers d''initiations... Si vous êtes intéressé, n''hésitez pas à nous contacter.', NULL, NULL, NULL, NULL, NULL, NULL, '', '2012-04-03 01:21:26', '2012-04-03 01:21:26'),
(36, 'trocutc', 'trocutc', 4, 4, 'http://assos.utc.fr/trocutc', 'Troc''UTC est une association qui vise à maintenir et améliorer le programme éponyme permettant d''échanger TDs et TPs entre UTCéens.', NULL, NULL, NULL, NULL, NULL, NULL, '', '2012-04-03 01:21:26', '2012-04-03 01:21:26'),
(37, 'Etuville', 'etuville', 2, 3, 'http://assos.utc.fr/etuville', 'L''association Etuville est chargé de réaliser des événementiels en direction des étudiants UTC, mais aussi le personnel UTC et les Compiègnois. Ces événements ont pour but de faire rayonner l''image et les valeurs de l''Université ainsi que la bonne volonté des étudiants.\r\n\r\nCes dernières années l''association s''est concentré sur l''organisation des soirées Gala UTC. Ces soirées rassemblaient entre 2500 et 3500 personnes suivant les éditions et proposait un programme de concert et d''animations variées. Pour l''événement qui va avoir lieu en novembre 2011, l''équipe actuelle réfléchit à élargir le concept de cette soirée de Gala pour mieux répondre aux objectifs de l''association.\r\n\r\nPour nous rejoindre une seule adresse : etuville@assos.utc.fr', NULL, NULL, NULL, NULL, NULL, NULL, '', '2012-04-03 01:21:26', '2012-04-03 01:21:26'),
(38, 'team UTeCia', 'teamutecia', 4, 3, 'http://www.teamutecia.fr', NULL, NULL, NULL, NULL, NULL, NULL, NULL, '', '2012-04-03 01:21:26', '2012-04-03 01:21:26'),
(39, 'madagascar', 'madagascar', NULL, NULL, 'http://assos.utc.fr/madagascar', NULL, NULL, NULL, NULL, NULL, NULL, NULL, '', '2012-04-03 01:21:26', '2012-04-03 01:21:26'),
(40, 'Meetutc', 'meetutc', 5, NULL, 'http://www.meetutc.com', NULL, NULL, NULL, NULL, NULL, NULL, NULL, '', '2012-04-03 01:21:26', '2012-04-03 01:21:26'),
(41, 'B3M', 'b3m', 4, NULL, 'http://assos.utc.fr/b3m', NULL, NULL, NULL, NULL, NULL, NULL, NULL, '', '2012-04-03 01:21:26', '2012-04-03 01:21:26'),
(42, 'BDBDEC', 'bdbdec', 5, 3, 'http://assos.utc.fr/bdbdec', 'Bibliothèque De Bande-Dessinée des Etudiants de Compiègne (BDBDEC)\r\n\r\nQue faisons-nous ?\r\n\r\nLa BDBDEC permet à ces membres d''emprunter des BD, des Mangas et des Comics.Vous trouverez forcément votre bonheur dans un choix de plus de 6000 ouvrages et une diversité rare.\r\n\r\nOù est-ce ?\r\n\r\nA droite de l''accueil de la BUTC.\r\n\r\nQuand est-ce que c''est ouvert ?\r\n\r\nTous les midis de 12h30 à 14h. Tous les soirs de 18h à 19h.\r\n\r\nComment m''inscrire ?\r\n\r\nRendez-vous à une permanence un midi ou un soir et demandez à un permanencier de s''occuper de vous.', NULL, NULL, NULL, NULL, NULL, NULL, '', '2012-04-03 01:21:26', '2012-04-03 01:21:26'),
(43, 'Ceeutc', 'ceeutc', 4, 1, 'http://assos.utc.fr/ceeutc', 'Créé en mars 2008, le Club des Entrepreneurs Etudiants de l''UTC (CEE-UTC) est né de la volonté d''étudiants passionnés par l''entrepreneuriat, et est soutenu par son parrain Yvon Gattaz.\r\n\r\nLe CEE a pour but de sensibiliser les étudiants à l''entrepreneuriat et de rassembler les esprits créatifs, entreprenants et dynamiques pour créer des synergies prometteuses.\r\n\r\nActivités :\r\nTout au long de l''année universitaire, le CEE UTC organise différentes activités.\r\nConférences, débats, et colloques sur les thèmes de l''entrepreneuriat\r\nSéminaires de création d''entreprise\r\nInitiation à la réalisation de Business Plan, étude de marché, approches marketing, gestion des RH...etc.\r\nVisites d''entreprises\r\nJournées rencontre avec les étudiants et nos partenaires\r\nParticipation à des événements extérieurs (concours, salon d''information)\r\n\r\nMissions :\r\nDécouvrir l''entrepreneuriat\r\nDévelopper un réseau de contacts\r\nOrganiser différentes activités d''échanges\r\nSe créer des opportunités d''affaires\r\nOffrir aux étudiants une base de données pertinente sur la création d''activité\r\nCréer un carrefour des idées (Chercheurs, scientifiques,économistes et étudiants)\r\nVivre une expérience collective qui permet d''ouvrir de nouvelles perspectives professionnelles\r\n\r\nValeurs :\r\nOuverture (s''ouvrir vers les autres et faire du réseautage)\r\nEngagement (relever des défis, être actif, y mettre du coeur)\r\nCréativité (faire preuve d''originalité pour donner le goût aux étudiants d''y participer)', NULL, NULL, NULL, NULL, NULL, NULL, '', '2012-04-03 01:21:26', '2012-04-03 01:21:26'),
(44, 'Comedie Musicale', 'comedmus', 2, 1, 'http://assos.utc.fr/comedmus', 'La Comédie Musicale de l''UTC\r\n\r\nLa nouvelle équipe de la Comédie Musicale 2011 prépare en ce moment son nouveau spectacle...', NULL, NULL, NULL, NULL, NULL, NULL, '', '2012-04-03 01:21:26', '2012-04-03 01:21:26'),
(45, 'UTopiC', 'utopic', 5, 2, 'http://assos.utc.fr/utopic', 'Cette asso'' te permet de partager tes notes de cours et de TD et d''accéder également à la base de données mise à jour régulièrement avec les nouveaux cours et TD de chaque semaine !', NULL, NULL, NULL, NULL, NULL, NULL, '', '2012-04-03 01:21:26', '2012-04-03 01:21:26'),
(46, 'EDI - Écolo D''Ingénieur', 'edi', 3, 1, 'http://assos.utc.fr/edi', 'Écolo D''Ingénieur est une commission du Pôle Solidarité Et Citoyenneté, qui vise à promouvoir les modes de déplacement doux (le vélo en particulier) et favorise le covoiturage entre étudiants via la plateforme disponible sur notre site internet. Pour obtenir un vélo c''est simple, il suffit de nous envoyer un mail et on se chargera de vous répondre au plus vite, les vélos sont disponibles à un prix de 10 € le semestre (avec un chèque de caution de 50 €).', 'http://assos.utc.fr/polesc/logo/edi.png', NULL, NULL, NULL, NULL, NULL, '', '2012-04-03 01:21:26', '2012-04-03 01:21:26'),
(47, 'Espace Citoyen', 'espace.citoyen', 3, 1, 'http://assos.utc.fr/espace.citoyen', 'Espace Citoyen a plusieurs rôles:\r\n-faire émerger des discours critiques et porteurs de sens\r\n-Faire un pont entre les étudiants utcéens et Compiègne en aidant par exemple les associations compiégnoises à être plus visible au sein de l''UTC et en les aidant à organiser des événements.\r\n\r\nPour se faire les activités de l''association actuellement se décomposent avant tout:\r\n-Projections de films et organisations de débats (entre 3 et 6 par semestre). Pour accomplir au mieux et enrichir les échanges et différencier les points de vue des partenariats avec d''autres associations sont recherchés. Tout étudiant peut proposer un thème\r\n-Ramener quotidiennement des journaux diversifiés (une partie provient de la BUTC, un complément afin de varier les points de vue est apporté par nous même) dans le kiosque à journaux situé au PIC.\r\n-Réflexion pour organiser des présentations de livres, magazines (au PIC ou dans la rue en un moment convivial)\r\n-....', 'http://assos.utc.fr/polesc/logo/ec.png', NULL, NULL, NULL, NULL, NULL, '', '2012-04-03 01:21:26', '2012-04-03 01:21:26'),
(48, 'Etusexy', 'etusexy', 2, NULL, 'http://assos.utc.fr/etusexy', NULL, NULL, NULL, NULL, NULL, NULL, NULL, '', '2012-04-03 01:21:26', '2012-04-03 01:21:26'),
(49, 'OUTcoming', 'outcom', 3, 3, 'http://assos.utc.fr/outcom', 'OUTcoming, c''est tout d''abord une association (loi 1901) ouverte à tous sans distinction de sexualité ou de quelque autre critère. L''association est composée principalement d''étudiants, de diplômés et de personnels de l''UTC (Université de Technologie de Compiègne) partageant un ensemble de valeurs telles que le respect et l''ouverture d''esprit.\r\nNous considérons que des termes tels que hétérosexualité ou homosexualité restent des étiquettes et nous voulons mettre un terme aux stéréotypes réducteurs. Nous cherchons donc à lutter contre toutes les formes de ségrégation et de stigmatisation qui mènent à la discrimination et à l''homophobie.\r\nNous organisons pour cela différentes grandes journées ouvertes à tous, des débats avec des intervenants extérieurs, des campagnes d''affichage et des projections vidéos afin de susciter la réflexion.', 'http://assos.utc.fr/polesc/logo/outcom.png', NULL, NULL, NULL, NULL, NULL, '', '2012-04-03 01:21:26', '2012-04-03 01:21:26'),
(51, 'Kosmo', 'kosmo', 5, 1, 'http://assos.utc.fr/kosmo', NULL, 'http://assos.utc.fr/kosmo/image/logo-portail.png', NULL, NULL, NULL, NULL, NULL, '', '2012-04-03 01:21:26', '2012-04-03 01:21:26'),
(52, 'Mozaik', 'mozaik', 5, 4, 'http://assos.utc.fr/mozaik', 'Fort de la  diversité culturelle au sein de l''UTC, le club Mozaïk vise à promouvoir la culture \r\nafro-caribéenne au sein de l''UTC et ce, à travers diverses activités telles que des expositions artistiques, des cours de danse, des soirées à thème (ex conte en musique), des découvertes culinaires et des rencontres sportives.', NULL, NULL, NULL, NULL, NULL, NULL, '', '2012-04-03 01:21:26', '2012-04-03 01:21:26'),
(53, 'Profit''rôles', 'profitroles', 2, 1, 'http://assos.utc.fr/profitroles', 'Profit''Rôles est la troupe de théâtre de l''UTC, fondée en 2006 par une équipe d''étudiants passionnés par le théâtre. Profit''Rôles s''est épanouie au fil des ans, proposant de nombreux évènements théâtraux, allant d''interventions ponctuelles lors de soirées étudiantes à la présentation de pièces lors de festivals, en passant par des projets d''interventions en milieu carcéral.Les Profit''rôles ont soif d''apprendre et sont chaque fois partants pour de nouvelles expériences. N''hésitez pas à nous contacter !', NULL, NULL, NULL, NULL, NULL, NULL, '', '2012-04-03 01:21:26', '2012-04-03 01:21:26'),
(54, 'SkiUTC', 'skiutc', 2, 2, 'http://assos.utc.fr/skiutc', NULL, 'http://assos.utc.fr/skiutc/res/logoskiutc.png', NULL, NULL, NULL, NULL, NULL, '', '2012-04-03 01:21:26', '2012-04-03 01:21:26'),
(55, 'Contact au Mali', 'mali', 3, 3, 'http://assos.utc.fr/mali', NULL, 'http://assos.utc.fr/polesc/logo/mali.jpg', NULL, NULL, NULL, NULL, NULL, '', '2012-04-03 01:21:26', '2012-04-03 01:21:26'),
(56, 'Sous Sol Productions', 'ssp', 2, 1, 'http://assos.utc.fr/ssp', NULL, NULL, NULL, NULL, NULL, NULL, NULL, '', '2012-04-03 01:21:26', '2012-04-03 01:21:26'),
(57, 'culturacte', 'culturacte', 2, 1, 'http://assos.utc.fr/culturacte', 'Une Nouvelle Asso, Une Nouvelle approche de la Culture... Marre de t''ennuyer lors des tes week-ends moroses en Picardie, où tous tes amis sont rentrés dans leur Sud bien aimé, profiter du soleil ?\r\nCultur''Acte est là pour toi ! Cultur''Acte et son équipe ultra motivée organisent des sorties dans le coin ou sur Paris pour t''occuper le week-end et abreuver ta soif de culture (pas la culture du malt!) Que ce soit des visites de musées et d''expos, des représentations de la Comédie Français, ou des visites de monuments et lieux historiques avec un guide, tu trouveras une sortie à ton goût. Cultur''Acte te permet également de jouer les guides amateurs au Château de Compiègne le 1er dimanche du mois. Pour cela, tu reçois une demi-journée de formations (souvent le dimanche précédent l''intervention) par les conservateurs des musées du Château. Bref.. plus d''excuses pour t''ennuyer !', NULL, NULL, NULL, NULL, NULL, NULL, '', '2012-04-03 01:21:26', '2012-04-03 01:21:26'),
(58, 'aligot', 'aligot', NULL, NULL, 'http://assos.utc.fr/aligot', NULL, NULL, NULL, NULL, NULL, NULL, NULL, '', '2012-04-03 01:21:26', '2012-04-03 01:21:26'),
(59, 'Stravaganza', 'stravaganza', 2, 3, 'http://assos.utc.fr/stravaganza', NULL, NULL, NULL, NULL, NULL, NULL, NULL, '', '2012-04-03 01:21:26', '2012-04-03 01:21:26'),
(60, 'utrip', 'utrip', 5, 1, 'http://assos.utc.fr/utrip', 'UTrip gère l''organisation d''un voyage vers une grande ville (ce semestre, Prague), pour un nombre donné d''étudiants (65). Ce voyage est en formule tout compris sauf nourriture (voyage, auberge, déplacements sur place, visites, assurances). Le but, vous proposer une découverte complète de la ville pour un tarif réduit (250 € seulement pour une semaine!!)', NULL, NULL, NULL, NULL, NULL, NULL, '', '2012-04-03 01:21:26', '2012-04-03 01:21:26'),
(61, 'Intégration', 'integ', 5, 1, 'http://assos.utc.fr/integ', 'L''integ, c''est l''association qui s''occupe de l''accueil et de l''intégration des nouveaux étudiants de l''UTC.\r\n\r\nChaque année, c''est reparti pour une dizaine de jours de festivités inoubliables. La première partie : quatre énormes clans qui s''entretuent pour la plus prestigieuse des distinctions, le fameux, l''ultime, l''inoubliable, LE BdO. La conclusion :  un weekend magique qui renvoit Woodstock dans les bacs à sable.\r\n\r\nL''integ, c''est aussi et surtout l''asso qui te permet de te sentir chez toi en 10 jours, de considérer les associations étudiantes comme ta famille, la MDE comme ton toit, l''UTC comme ta maison.\r\n\r\nTu es à l''UTC, l''intégration a besoin de toi pour l''édition 2011.\r\n\r\nTu es un vieux briscard des assos, l''integ à besoin de toi pour les postes clés de l''édition 2011.\r\n\r\nTu es futur nouveau à l''UTC, n''hésite pas à faire un tour sur nos forums et tiens toi prêt pour les 10 plus beaux jours de ta vie en septembre prochain !', NULL, NULL, NULL, NULL, NULL, NULL, '', '2012-04-03 01:21:26', '2012-04-03 01:21:26'),
(62, 'Utcvoile', 'utcvoile', 4, NULL, 'http://assos.utc.fr/utcvoile', NULL, NULL, NULL, NULL, NULL, NULL, NULL, '', '2012-04-03 01:21:26', '2012-04-03 01:21:26'),
(64, 'Comutec', 'comutec', 4, 3, 'http://comutec.org/', 'L''Association COMUTEC organise entièrement le forum étudiants-entreprises de l''UTC qui a lieu chaque année en octobre. Il réunira 80 entreprises et plus de 1000 étudiants le JEUDI 21 OCTOBRE 2010 à la Halle des Sports.\r\n\r\nLes membres sont répartis dans différentes équipes :\r\n- Communication\r\n- Logistique\r\n- Relations entreprises.\r\n\r\nNous avons une base de données de plus de 600 entreprises et des contacts avec Tremplin-UTC, l''ESCOM, l''administration de l''UTC.\r\n\r\nTous les talents sont les bienvenus pour organiser cet événement de la vie estudiantine !!\r\nN''hésitez pas à passer nous voir au local : FB 221 (à côté du polar) !!', NULL, NULL, NULL, NULL, NULL, NULL, '', '2012-04-03 01:21:26', '2012-04-03 01:21:26'),
(65, 'Club Photo', 'clubphoto', 2, 4, 'http://club-photo-utc.forum-actif.eu/', NULL, 'http://assos.utc.fr/clubphoto/clubpho.png', NULL, NULL, NULL, NULL, NULL, '', '2012-04-03 01:21:26', '2012-04-03 01:21:26'),
(66, 'Ocata', 'ocata', 2, 3, 'http://assos.utc.fr/ocata', 'OCATArinettabellatchitchix est le collectif jazz de l''UTC. Une vingtaine de musiciens étudiants et quelques amateurs ou professionnels s''y retrouvent pour jouer du jazz coloré de funk, de groove, d''influences latines ou d''Europe centrale. A cela s''ajoutent l''improvisation ainsi qu''un certain côté festif.\r\nA bientôt à nos concerts !', NULL, NULL, NULL, NULL, NULL, NULL, '', '2012-04-03 01:21:26', '2012-04-03 01:21:26'),
(67, 'Cabaret Etudiant', 'cabaret.etudiant', 2, 2, 'http://assos.utc.fr/cabaret.etudiant/', 'Présentation rapide\r\n\r\nCréé au printemps 2009, le cabaret étudiant rassemble tous les ans les étudiants de l''UTC pour une soirée de prestige. Un repas est servi devant un spectacle composé de numéros montés essentiellement par les associations de l''UTC.\r\n\r\nUn spectacle varié\r\n\r\nLe spectacle d''exception présente toute la diversité des associations artistiques de l''UTC :du théâtre, de la danse, du chant, de la magie,de la jonglerie et même des acrobates ! Le maître de cérémonie se charge de coordonner ces différents numéros pour proposer un spectacle rythmée et alignés sur le service des plats.\r\n\r\nUne ambiance de prestige\r\n\r\nUn repas gastronomique préparé par un traiteur de la région est servi par des étudiants volontaires. La tenue correcte est de rigueur pour une ambiance de prestige dans le cadre magnifique d''une salle distinguée.', NULL, NULL, NULL, NULL, NULL, NULL, '', '2012-04-03 01:21:26', '2012-04-03 01:21:26'),
(68, 'amicalesportive', 'amicalesportive', NULL, NULL, 'http://assos.utc.fr/amicalesportive', NULL, NULL, NULL, NULL, NULL, NULL, NULL, '', '2012-04-03 01:21:26', '2012-04-03 01:21:26'),
(69, 'serigraphie', 'serigraphie', NULL, NULL, 'http://assos.utc.fr/serigraphie', NULL, NULL, NULL, NULL, NULL, NULL, NULL, '', '2012-04-03 01:21:26', '2012-04-03 01:21:26'),
(70, 'utivi', 'utivi', NULL, NULL, 'http://assos.utc.fr/utivi', NULL, NULL, NULL, NULL, NULL, NULL, NULL, '', '2012-04-03 01:21:26', '2012-04-03 01:21:26'),
(71, 'robut', 'robut', NULL, NULL, 'http://assos.utc.fr/robut', NULL, NULL, NULL, NULL, NULL, NULL, NULL, '', '2012-04-03 01:21:26', '2012-04-03 01:21:26'),
(72, 'roller', 'roller', NULL, NULL, 'http://assos.utc.fr/roller', NULL, NULL, NULL, NULL, NULL, NULL, NULL, '', '2012-04-03 01:21:26', '2012-04-03 01:21:26'),
(73, 'Poker''UTC', 'pokerutc', 5, 4, 'http://assos.utc.fr/pokerutc', NULL, NULL, NULL, NULL, NULL, NULL, NULL, '', '2012-04-03 01:21:26', '2012-04-03 01:21:26'),
(74, 'PlayUTC', 'playutc', 5, 4, 'http://assos.utc.fr/playutc', 'Playutc c''est la petite pause du lundi soir, c''est une réunion conviviale entre amis ou avec des gens qui le deviendront vite!\r\n\r\nC''est le lieu où vous pourrez découvrir, redécouvrir où bien même faire découvrir l''univers du jeu de société!\r\n\r\nC''est une armoire rempli de dizaine de party games, jeux de cartes divers et variés, jeux de plateau en tout genre!\r\n\r\nC''est également l''organisation de soirée à thème comme les soirées loup garou, ou des tournois de Magic the gathering!!\r\n\r\nC''est aussi avec nous qu''on organise des groupes de jeux de rôle, ou bien participe au grand jeu du killer!!!\r\n\r\nTout ça pour dire qu''en fait, Playutc, c''est bien!\r\n\r\nAlors retrouvez nous tous les lundi soirs au 3e étage du bâtiment A et venez vous amuser!', NULL, NULL, NULL, NULL, NULL, NULL, '', '2012-04-03 01:21:26', '2012-04-03 01:21:26'),
(75, 'picnrock', 'picnrock', NULL, NULL, 'http://assos.utc.fr/picnrock', NULL, NULL, NULL, NULL, NULL, NULL, NULL, '', '2012-04-03 01:21:26', '2012-04-03 01:21:26'),
(76, 'donutc', 'donutc', NULL, NULL, 'http://assos.utc.fr/donutc', NULL, NULL, NULL, NULL, NULL, NULL, NULL, '', '2012-04-03 01:21:26', '2012-04-03 01:21:26'),
(77, 'integbr', 'integbr', NULL, NULL, 'http://assos.utc.fr/integbr', NULL, NULL, NULL, NULL, NULL, NULL, NULL, '', '2012-04-03 01:21:26', '2012-04-03 01:21:26'),
(78, 'Choruts', 'choruts', 2, 4, 'http://assos.utc.fr/choruts', NULL, NULL, NULL, NULL, NULL, NULL, NULL, '', '2012-04-03 01:21:26', '2012-04-03 01:21:26'),
(79, 'Genepi', 'genepi', 3, 3, 'http://assos.utc.fr/genepi', 'Le GENEPI a pour but de collaborer à l''effort public en faveur de la réinsertion sociale des personnes incarcérées par le développement de contacts entre les étudiants de l''UTC et les Prisons de Liancourt et de Compiègne.\r\n\r\nNous animons des ateliers socioculturels et assurons du soutien scolaire pour donner aux détenus des savoirs valorisants (Mathématiques, Histoire-géographie), des savoir-faire professionalisants (langues, informatique) et des savoir-être socialisant (jeux de société, théâtre, jonglage)\r\n\r\nEn plus de cela nous menons des actions d''information et de sensibilisation pour faire connaître les différentes problématiques liées à la prison.', 'http://assos.utc.fr/polesc/logo/genepi.jpg', NULL, NULL, NULL, NULL, NULL, '', '2012-04-03 01:21:26', '2012-04-03 01:21:26'),
(80, 'Grafhit', 'grafhit', 2, 3, 'http://www.grafhit.net/', 'Créée en 1982 par des étudiants, l''Association d''intéressement au développement associatif -Gestion et financement des associations - Graf''hit (Aida - Gfa - Graf''hit) avait pour premier intitulé la Fédération des Associations étudiantes de Compiègne (FAEC) et comme objet d''animer le campus compiègnois. C''est avec l''arrivée en 1992 de l''autorisation de diffusion du CSA et la naissance de la station de radio, qu''une commission Graf''hit a vu le jour, ayant en charge la gestion de la station. Rapidement, l''équipe a su gagner en compétence et en autonomie. L''exploitation de la station de radio devenant pérenne à tout point de vue, l''équipe de Graf''hit a alors souhaité prendre son indépendance vis-à-vis des activités d''animation du campus pour devenir une association à part entière. Les autorisations de fréquence attribuées par le CSA n''étant pas cessibles, c''est à cette époque qu''une scission entre le bureau des étudiants de l''université de technologie de Compiègne et Graf''hit a vu le jour et que l''association a obtenu son titre actuel. \r\n\r\nL''attachement de Graf''hit à l''Université de Technologie de Compiègne est historique. Le temps et l''expérience ont donné à l''association l''occasion de prendre son indépendance à l''égard du campus. Cependant, Graf''hit est fière de son attachement au milieu universitaire. C''est avant tout par choix que l''association développe ses activités en accord avec l''université et les associations et étudiants qui y "vivent". Membre à part entière du bureau des étudiants, Graf''hit se nourrie des échanges qui existent au sein de la maison des étudiants et contribue chaque fois qu''elle le peut à l''animation des débats et à l''activité du foyer. \r\n\r\nNombre de compiègnois et d''étudiants sont passés derrière les micros de la station, éveillant les membres de l''association à la découverte de la pratique radiophonique et créant parfois de vocations au-delà de la sphère des loisirs. A l''occasion des 25 ans de l''association et des quinze ans de la radio, c''est avec joie que nous invitons nos anciens membres et même auditeurs à reprendre contact avec nous.', NULL, NULL, NULL, NULL, NULL, NULL, '', '2012-04-03 01:21:26', '2012-04-03 01:21:26'),
(81, 'Biomaide', 'biomaide', NULL, NULL, 'http://assos.utc.fr/biomaide', NULL, NULL, NULL, NULL, NULL, NULL, NULL, '', '2012-04-03 01:21:26', '2012-04-03 01:21:26'),
(82, 'Soleils en Inde', 'sei', 3, 2, 'http://assos.utc.fr/sei', NULL, 'http://assos.utc.fr/sei/vieuxsite/logo.png', NULL, NULL, NULL, NULL, NULL, '', '2012-04-03 01:21:26', '2012-04-03 01:21:26'),
(83, 'RED', 'red', NULL, NULL, 'http://assos.utc.fr/red', NULL, NULL, NULL, NULL, NULL, NULL, NULL, '', '2012-04-03 01:21:26', '2012-04-03 01:21:26'),
(84, 'Pic''Asso', 'picasso', 5, 1, 'http://assos.utc.fr/picasso', 'Le Pic''Asso est le foyer étudiant de l''UTC. C''est un espace de rencontre ouvert de 9 heures à 22 heures aux étudiants et au personnel de l''UTC. De nombreux services y sont proposés :\r\n- Vente de boissons fraîches (non alcoolisées) et de boissons chaudes\r\n- Vente de nourriture (viennoiseries le matin, repas préparés par des associations le midi, assiettes apéro le soir, snacks toute la journée, etc.)\r\n- Exploitation de la licence II le soir de 18h30 à 21h30 (Alcoométrie <9°)\r\n- Divertissements en tout genre mis à disposition des étudiants (jeux de cartes, jeux de sociétés, boules de pétanque, etc.)\r\n- Une ambiance conviviale réservée à la détente, à la créativité et à la prise d''initiatives\r\n\r\nLe foyer étudiant, centre de la vie associative, est un lieu de communication et de recrutement par excellence pour les associations. C''est aussi un endroit d''expression et de réflexion sur l''organisation de la vie « du campus ». Le Pic''Asso est également le point de rendez-vous où ont lieu des échanges culturels. Ainsi, les étudiants de diverses nationalités peuvent profiter des animations proposées, notamment grâce à l''association Erasmus Student Network Esperanto.', NULL, NULL, NULL, NULL, NULL, NULL, '', '2012-04-03 01:21:26', '2012-04-03 01:21:26'),
(85, 'PMDE', 'pmde', NULL, NULL, 'http://assos.utc.fr/pmde', NULL, NULL, NULL, NULL, NULL, NULL, NULL, '', '2012-04-03 01:21:26', '2012-04-03 01:21:26'),
(86, 'Secourut''s', 'secouruts', 3, 2, 'http://assos.utc.fr/secouruts', NULL, NULL, NULL, NULL, NULL, NULL, NULL, '', '2012-04-03 01:21:26', '2012-04-03 01:21:26'),
(87, 'Energies Futures', 'energies.futures', 3, 2, 'http://assos.utc.fr/energiesfutures/', NULL, NULL, NULL, NULL, NULL, NULL, NULL, '', '2012-04-03 01:21:26', '2012-04-03 01:21:26'),
(88, 'Paintball', 'paintball', NULL, NULL, 'http://assos.utc.fr/paintball', NULL, NULL, NULL, NULL, NULL, NULL, NULL, '', '2012-04-03 01:21:26', '2012-04-03 01:21:26'),
(89, 'Coïncidence', 'coincidence', 2, 1, 'http://assos.utc.fr/coincidence', 'Coïncidence est l''association de danse contemporaine de l''UTC.\r\n\r\nSes différentes interventions ou représentations dans le cadre d''évènements artistiques UTCéens l''ont fait connaître depuis sa création en septembre 2006. Aujourd''hui constituée de plus de 20 membres, elle leur permet de partager, 1 à 2 fois par semaine, une passion commune, la danse.\r\n\r\nSpectacle à venir: Festupic, Vendredi 3 Juin 2011 à l''espace Jean Legendre.', 'http://assos.utc.fr/poleae/logos/coincidence.png', NULL, NULL, NULL, NULL, NULL, '', '2012-04-03 01:21:26', '2012-04-03 01:21:26'),
(90, 'cecutc', 'cecutc', 4, 3, 'http://assos.utc.fr/cecutc', 'Lancé en 2006, Course en Cours est une aventure collective novatrice centrée sur les Sciences et la Technologie. Placées sous le tutorat d''étudiants de l''enseignement supérieur, des équipes de collégiens-lycéens disposent d''une année scolaire pour relever un défi de taille : inventer, concevoir en 3D et fabriquer la voiture de course du futur en utilisant les mêmes outils et process que les professionnels de la Formule 1. Une voiture de course au format 1/14ème, propulsée par un moteur électrique (air comprimé jusqu''à 2010) et capable de disputer des « runs » sur une piste rectiligne de 20 mètres de long, et de se mesurer à d''autres voitures, venues de toute la France.\r\n\r\nL''association étudiante CeC-UTC a été créée lors d''un projet GE37 pour pérenniser l''action de l''UTC dans le tutorat d''équipes de lycéens et collégiens engagés dans la compétition Course en cours. Cette association a obtenu du département GSM une subvention et l''aide d''un enseignant en nommant Thomas Boulanger comme correspondant Course en Cours.\r\n\r\nElle est constituée d''étudiants du département GSM et GM (en date du semestre de Printemps 2010).', NULL, NULL, NULL, NULL, NULL, NULL, '', '2012-04-03 01:21:26', '2012-04-03 01:21:26'),
(91, 'fairtradeoncampus', 'fairtradeoncampus', 3, 1, 'http://assos.utc.fr/fairtradeoncampus', 'Tu ne connais pas le commerce équitable ?\r\n\r\nFair Trade on Camp''UTC t''informe et te fait découvrir !\r\n\r\nTu connais le commerce équitable mais tu penses que ce n''est pas pour toi ?\r\n\r\nDétrompe-toi ! Fair Trade te propose d''obtenir des produits équitables à prix réduits et t''apporte même ta commande jusqu''à l''UTC ! Rien de plus simple !', NULL, NULL, NULL, NULL, NULL, NULL, '', '2012-04-03 01:21:26', '2012-04-03 01:21:26'),
(92, 'SUPPORTER UTC', 'supporterutc', 5, 2, 'http://assos.utc.fr/supporterutc', NULL, NULL, NULL, NULL, NULL, NULL, NULL, '', '2012-04-03 01:21:26', '2012-04-03 01:21:26'),
(93, 'UTCiel', 'utciel', 5, 2, 'http://assos.utc.fr/utciel', 'UTCiel est l''association d''aéronautique de l''UTC. Ella a pour but de proposer aux étudiants simple curieux et/ou plus, de découvrir toutes sortes d''activités aéronautiques et de développer l''intérêt général pour tout ce qui vole. Nous proposons des vols de découverte en ULM, avion, planeur mais aussi des sauts en parachute, de l''aéromodélisme, des cours de formation au Brevet d''Initiation Aéronautique (BIA) et des sorties sur les grands événements aéronautiques français. Le tout à des prix préférentiels, sans bénéfices, en se basant sur le simple partage des frais réels et des aptitudes et qualifications des membres de l''association. Alors rejoignez-nous et bon vols en tout genre.\r\n\r\nToutes les infos sont sur notre site !', NULL, NULL, NULL, NULL, NULL, NULL, '', '2012-04-03 01:21:26', '2012-04-03 01:21:26'),
(94, 'salsautc', 'salsautc', NULL, NULL, 'http://assos.utc.fr/salsautc', NULL, NULL, NULL, NULL, NULL, NULL, NULL, '', '2012-04-03 01:21:26', '2012-04-03 01:21:26'),
(95, 'UTspaCe', 'utspace', 4, 1, 'http://assos.utc.fr/utspace', 'UTspace est l''association créée en 2011 à l''Université de Technologie de Compiègne pour la formation et la contribution de ses étudiants ingénieurs à l''ingénierie spatiale.\r\nUTspaCe est une « pépinière » d''ingénierie spatiale : elle a pour vocation de promouvoir les activités spatiales auprès des étudiants de l''UTC, et leur permettre d''appliquer facilement leurs connaissances généralistes au domaine passionnant et gorgé de challenges, mais difficile d''accès, du spatial.\r\nL''association permet de s''impliquer dans des projets formateurs multidisciplinaires liant recherche, technologie,et développement par le prototypage. Par exemple, la réalisation d''une mini-fusée expérimentale, d''un télescope et/ou de son automatisation... Elle est aussi un regroupement culturel autour de l''air et de l''espace, ce qui veut dire partage, sorties...\r\nUTspaCe est un système de management de la qualité inspiré de l''ISO 9001, qui améliore continuement la qualité de l''encadrement de ses projets, à savoir : la gestion des ressources à disposition, la prise en charge des communications, et l''assistance à la gestion des projets pour la capitalisation de l''expérience. Le rôle d''UTspaCe est de mettre tout en oeuvre afin que les membres participant aux projets encadrés puissent se concentrer sur leur réalisation.', NULL, NULL, NULL, NULL, NULL, NULL, '', '2012-04-03 01:21:26', '2012-04-03 01:21:26'),
(96, 'decibels', 'decibels', 2, 4, 'http://assos.utc.fr/decibels', NULL, NULL, NULL, NULL, NULL, NULL, NULL, '', '2012-04-03 01:21:26', '2012-04-03 01:21:26'),
(97, 'mecautc', 'mecautc', 4, 4, '', NULL, NULL, NULL, NULL, NULL, NULL, NULL, '', '2012-04-03 01:21:26', '2012-04-03 01:21:26'),
(98, 'cinemutc', 'cinemutc', 5, 4, 'http://assos.utc.fr/cinemutc', 'Ciném''UTC projette tout au long du semestre des films en amphis, en promouvant le cinéma indépendant, un cinéma impertinent, vif et troublant, à des lieux de la mollesse des films hollywoodiens à oscars.\r\n\r\nDe plus, grâce à un partenariat, il est possible d''aller aux séances du cinéma Les Dianes pour 4euros seulement, via le forum http://cinemutc.forumactif.com', NULL, NULL, NULL, NULL, NULL, NULL, '', '2012-04-03 01:21:26', '2012-04-03 01:21:26'),
(99, 'feria', 'feria', 5, 2, 'http://assos.utc.fr/feria', 'L''asso Féria propose chaque printemps un voyage aux férias de Vic Fezensac lors du weekend de Pentecote (sauf en 2011car les dates tombent qq jours avant les finaux). Elle propose aussi au cours de l''année scolaire des soirées sur Paris à la Pena Festayre (ambiance 100% férias).\r\n\r\nElle permet de réunir toutes les personnes nostalgiques des férias, qui attendent désespérément le retour du beau temps et  de l''été !! Et aussi, soutenir moralement tous les sudistes en mal du pays !!!\r\n\r\nEn 2010, nous avons fait un bus de 77 personnes que nous avons rempli avec 60 utcéens et 17 étudiants de l''ESIEC !', NULL, NULL, NULL, NULL, NULL, NULL, '', '2012-04-03 01:21:26', '2012-04-03 01:21:26'),
(100, 'velovtt', 'velovtt', NULL, NULL, 'http://assos.utc.fr/velovtt', NULL, NULL, NULL, NULL, NULL, NULL, NULL, '', '2012-04-03 01:21:26', '2012-04-03 01:21:26'),
(101, 'Piano-ut''s', 'piano', 2, 4, 'http://assos.utc.fr/piano', 'Piano-ut''s, le club des pianistes à l''UTC !\r\n\r\nDe grand débutant à virtuose, les pianistes de tous niveaux partagent leur passion par des échanges de partitions, des cours, des petites soirées autour d''un piano, des bons plans...\r\n\r\nPiano-ut''s donne également accès au piano droit de la salle FC113, à des méthodes et partitions, et à un métronome.\r\n\r\nN''hésite pas à nous contacter pour plus d''informations !', NULL, NULL, NULL, NULL, NULL, NULL, '', '2012-04-03 01:21:26', '2012-04-03 01:21:26'),
(102, 'Zapp''Utc', 'zapputc', 5, 1, 'http://assos.utc.fr/zapputc', 'Zapp''UTC, c''est le Zapping de l''UTC. ZChrriittZkrouiik', NULL, NULL, NULL, NULL, NULL, NULL, '', '2012-04-03 01:21:26', '2012-04-03 01:21:26'),
(103, 'gullUTC', 'gullutc', 4, 4, 'http://assos.utc.fr/gullutc', NULL, NULL, NULL, NULL, NULL, NULL, NULL, '', '2012-04-03 01:21:26', '2012-04-03 01:21:26'),
(104, 'UTCoupe', 'utcoupe', 4, 2, 'http://assos.utc.fr/utcoupe', 'UTCoupe est l''association étudiante de l''Université de Technologie de Compiègne qui participe à la Coupe de France de Robotique.', NULL, NULL, NULL, NULL, NULL, NULL, '', '2012-04-03 01:21:26', '2012-04-03 01:21:26'),
(106, 'japonutc', 'japonutc', 2, 4, 'http://assos.utc.fr/japonutc', 'Intéressé par la culture japonnaise ou le japon en lui même?\r\nVous aimez les mangas/ animes / dramas / visu / et j''en passe , Ou encore même l''asahi !\r\nVous êtes le bienvenue !', 'JapUTC', NULL, NULL, NULL, NULL, NULL, '', '2012-04-03 01:21:26', '2012-04-03 01:21:26'),
(107, 'What''s Up', 'whatsup', 2, 1, 'http://assos.utc.fr/whatsup', NULL, 'http://img24.imageshack.us/img24/213/suph.png', NULL, NULL, NULL, NULL, NULL, '', '2012-04-03 01:21:26', '2012-04-03 01:21:26'),
(108, 'safariutc', 'safariutc', NULL, NULL, 'http://assos.utc.fr/safariutc', NULL, NULL, NULL, NULL, NULL, NULL, NULL, '', '2012-04-03 01:21:26', '2012-04-03 01:21:26'),
(109, 'aeromodelisme', 'aeromodelisme', NULL, NULL, 'http://assos.utc.fr/aeromodelisme', NULL, NULL, NULL, NULL, NULL, NULL, NULL, '', '2012-04-03 01:21:26', '2012-04-03 01:21:26'),
(110, 'cac''carotte', 'caccarotte', 3, 2, 'http://assos.utc.fr/caccarotte', 'Cac''carotte ! C''est l''association de distribution chaque semaine de paniers de légumes locaux, propres et de saisons aux étudiants de l''UTC inscrits sur nos listes, et qui s''inspire pour son fonctionnement du principe des AMAP (Association de Maintien de l''Agriculture Paysanne) : soutien d''une production locale de légumes respectueuse du rythme de la terre et des hommes en lien avec des producteurs locaux, etc. etc.\r\n\r\nCac''carotte, ce sont aussi des évènements pour promouvoir ces thématiques sur le campus, et partager la passion de l''alimentation respectueuse de l''homme et de l''environnement. Pour plus d''informations sur l''association, savoir comment ça marche, donner des idées d''activités, voire soumettre son nom à  l''inscription pour un panier, envoyez nous y un mail !', 'http://assos.utc.fr/polesc/logo/caccarotte.jpg', NULL, NULL, NULL, NULL, NULL, '', '2012-04-03 01:21:26', '2012-04-03 01:21:26'),
(111, 'Game''UTC', 'gameutc', 5, 4, 'http://assos.utc.fr/gameutc', NULL, NULL, NULL, NULL, NULL, NULL, NULL, '', '2012-04-03 01:21:26', '2012-04-03 01:21:26'),
(113, 'Soirée des finaux!', 'soireedesfinaux', 2, 1, 'http://assos.utc.fr/soireedesfinaux', 'La soirée des finaux est l''évènement attendu par tous les étudiants pour fêter la fin de l''année dans une grosse ambiance festive. BBQ géant, concerts, spectacles, jeux et animations, soirée DJ, sont au rendez-vous pour vous faire oublier vos finaux. Prochaine édition au printemps 2012!', NULL, NULL, NULL, NULL, NULL, NULL, '', '2012-04-03 01:21:26', '2012-04-03 01:21:26'),
(114, 'Rêv''UTC', 'reveutc', 2, 2, 'http://assos.utc.fr/reveutc', NULL, NULL, NULL, NULL, NULL, NULL, NULL, '', '2012-04-03 01:21:26', '2012-04-03 01:21:26'),
(115, 'lesechos', 'lesechos', NULL, NULL, 'http://assos.utc.fr/lesechos', NULL, NULL, NULL, NULL, NULL, NULL, NULL, '', '2012-04-03 01:21:26', '2012-04-03 01:21:26'),
(116, 'coinchutc', 'coinchutc', 5, 4, 'http://assos.utc.fr/coinchutc', NULL, 'http://assos.utc.fr/coinchutc/images/logo-FFUC.png', NULL, NULL, NULL, NULL, NULL, '', '2012-04-03 01:21:26', '2012-04-03 01:21:26'),
(117, 'Gieclec', 'gieclec', 3, 3, 'http://assos.utc.fr/gieclec', 'Le GIECLEC est une association créée initialement il y a plusieurs années déjà et reprise récemment par des étudiants de l''UTC.\r\n\r\nSon but: inscrire les étudiants de Compiègne sur les listes électorales de la ville, afin qu''ils puissent eux aussi être représentés, et combler un manque de citoyenneté parmi les associations étudiantes compiégnoises.', 'http://img12.imageshack.us/img12/9997/giecleclogo20110925.png', NULL, NULL, NULL, NULL, NULL, '', '2012-04-03 01:21:26', '2012-04-03 01:21:26'),
(119, 'gigm', 'gigm', NULL, NULL, 'http://assos.utc.fr/gigm', NULL, NULL, NULL, NULL, NULL, NULL, NULL, '', '2012-04-03 01:21:26', '2012-04-03 01:21:26'),
(120, 'Rhizome', 'rhizome', 5, 3, 'http://assos.utc.fr/rhizome', 'Rhizome est une association loi de 1901 montée par des UTCéens ayant pour objectif de fournir un accès internet de qualité, abordable, neutre, sans engagement de durée aux étudiants de Compiègne. L''association vise aussi à travailler avec les habitants de Compiègne et non uniquement les étudiants.Les premiers forfaits devraient être proposés pour moins de 20 €/mois aux étudiants en février 2012. Nous sommes actuellement (A11) en phase expérimentale et toute aide bénévole est la bienvenue (technique ou non).\r\n\r\nTechniquement, Rhizome possède(ra) son propre réseau sur la ville, s''appuyant sur des liaisons sans fil (dérivées du wifi), évitant ainsi la nécessité d''avoir une prise téléphonique pour ouvrir un accès à internet.', NULL, NULL, NULL, NULL, NULL, NULL, '', '2012-04-03 01:21:26', '2012-04-03 01:21:26');

INSERT INTO `branche` (`id`, `name`) VALUES
(1, 'TC'),
(2, 'GI'),
(3, 'GB'),
(4, 'GP'),
(5, 'GM'),
(6, 'GSM'),
(7, 'GSU');

INSERT INTO `event_type` (`id`, `name`, `color`) VALUES
(1, 'Réunion', '#0000FF'),
(2, 'Perm au pic', '#FF0000');

INSERT INTO `filiere` (`id`, `name`) VALUES
(1, 'TC05'),
(2, 'Zotres');

INSERT INTO `pole` (`id`, `asso_id`, `couleur`) VALUES
(1, 1, '#77787b'),
(2, 3, '#f47937'),
(3, 4, '#8dc63f'),
(4, 5, '#00aeef'),
(5, 6, '#ffd520');

INSERT INTO `role` (`id`, `name`, `sort`, `bureau`, `droits`) VALUES
(1, 'Président', 1, 1, 63),
(2, 'Bureau', 2, 1, 15),
(3, 'Membre', 3, 0, 0),
(4, 'Info', 4, 0, 0);

INSERT INTO `semestre` (`id`, `name`) VALUES
(1, 'A11'),
(2, 'P12'),
(3, 'A12'),
(4, 'P13'),
(5, 'A13');

INSERT INTO `type_asso` (`id`, `name`) VALUES
(1, 'Commission/Projet BDE'),
(2, 'Projet'),
(3, 'Associations 1901'),
(4, 'Club');

INSERT INTO `sf_guard_user` (`id`, `first_name`, `last_name`, `email_address`, `username`, `algorithm`, `salt`, `password`, `is_active`, `is_super_admin`, `last_login`, `created_at`, `updated_at`) VALUES
(1, NULL, NULL, 'kenlerem@etu.utc.fr', 'kenlerem', 'sha1', NULL, NULL, 1, 0, NULL, '2012-04-21 12:00:00', '2012-04-21 12:00:00'),
(2, NULL, NULL, 'puyouart@etu.utc.fr', 'puyouart', 'sha1', NULL, NULL, 1, 0, NULL, '2012-04-21 12:00:00', '2012-04-21 12:00:00'),
(3, NULL, NULL, 'mguffroy@etu.utc.fr', 'mguffroy', 'sha1', NULL, NULL, 1, 0, NULL, '2012-04-21 12:00:00', '2012-04-21 12:00:00'),
(4, NULL, NULL, 'damaynic@etu.utc.fr', 'damaynic', 'sha1', NULL, NULL, 1, 0, NULL, '2012-04-21 12:00:00', '2012-04-21 12:00:00'),
(5, NULL, NULL, 'tsautjea@etu.utc.fr', 'tsautjea', 'sha1', NULL, NULL, 1, 0, NULL, '2012-04-21 12:00:00', '2012-04-21 12:00:00'),
(6, NULL, NULL, 'pletelli@etu.utc.fr', 'pletelli', 'sha1', NULL, NULL, 1, 0, NULL, '2012-04-21 12:00:00', '2012-04-21 12:00:00'),
(7, NULL, NULL, 'ajournet@etu.utc.fr', 'ajournet', 'sha1', NULL, NULL, 1, 0, NULL, '2012-04-21 12:00:00', '2012-04-21 12:00:00'),
(8, NULL, NULL, 'zhangsis@etu.utc.fr', 'zhangsis', 'sha1', NULL, NULL, 1, 0, NULL, '2012-04-21 12:00:00', '2012-04-21 12:00:00'),
(9, NULL, NULL, 'andredel@etu.utc.fr', 'andredel', 'sha1', NULL, NULL, 1, 0, NULL, '2012-04-21 12:00:00', '2012-04-21 12:00:00'),
(10, NULL, NULL, 'asainfor@etu.utc.fr', 'asainfor', 'sha1', NULL, NULL, 1, 0, NULL, '2012-04-21 12:00:00', '2012-04-21 12:00:00'),
(11, NULL, NULL, 'douyalau@etu.utc.fr', 'douyalau', 'sha1', NULL, NULL, 1, 0, NULL, '2012-04-21 12:00:00', '2012-04-21 12:00:00'),
(12, NULL, NULL, 'hugloben@etu.utc.fr', 'hugloben', 'sha1', NULL, NULL, 1, 0, NULL, '2012-04-21 12:00:00', '2012-04-21 12:00:00'),
(13, NULL, NULL, 'hauettho@etu.utc.fr', 'hauettho', 'sha1', NULL, NULL, 1, 0, NULL, '2012-04-21 12:00:00', '2012-04-21 12:00:00'),
(14, NULL, NULL, 'massonju@etu.utc.fr', 'massonju', 'sha1', NULL, NULL, 1, 0, NULL, '2012-04-21 12:00:00', '2012-04-21 12:00:00'),
(15, NULL, NULL, 'mariedam@etu.utc.fr', 'mariedam', 'sha1', NULL, NULL, 1, 0, NULL, '2012-04-21 12:00:00', '2012-04-21 12:00:00'),
(16, NULL, NULL, 'betardma@etu.utc.fr', 'betardma', 'sha1', NULL, NULL, 1, 0, NULL, '2012-04-21 12:00:00', '2012-04-21 12:00:00'),
(17, NULL, NULL, 'voirinbe@etu.utc.fr', 'voirinbe', 'sha1', NULL, NULL, 1, 0, NULL, '2012-04-21 12:00:00', '2012-04-21 12:00:00'),
(18, NULL, NULL, 'rgrenier@etu.utc.fr', 'rgrenier', 'sha1', NULL, NULL, 1, 0, NULL, '2012-04-21 12:00:00', '2012-04-21 12:00:00'),
(19, NULL, NULL, 'lpenteco@etu.utc.fr', 'lpenteco', 'sha1', NULL, NULL, 1, 0, NULL, '2012-04-21 12:00:00', '2012-04-21 12:00:00'),
(20, NULL, NULL, 'blemaire@etu.utc.fr', 'blemaire', 'sha1', NULL, NULL, 1, 0, NULL, '2012-04-21 12:00:00', '2012-04-21 12:00:00'),
(21, NULL, NULL, 'pdespret@etu.utc.fr', 'pdespret', 'sha1', NULL, NULL, 1, 0, NULL, '2012-04-21 12:00:00', '2012-04-21 12:00:00'),
(22, NULL, NULL, 'yberengu@etu.utc.fr', 'yberengu', 'sha1', NULL, NULL, 1, 0, NULL, '2012-04-21 12:00:00', '2012-04-21 12:00:00'),
(23, NULL, NULL, 'papinbri@etu.utc.fr', 'papinbri', 'sha1', NULL, NULL, 1, 0, NULL, '2012-04-21 12:00:00', '2012-04-21 12:00:00'),
(24, NULL, NULL, 'martinnic@etu.utc.fr', 'martinnic', 'sha1', NULL, NULL, 1, 0, NULL, '2012-04-21 12:00:00', '2012-04-21 12:00:00'),
(25, NULL, NULL, 'sallesma@etu.utc.fr', 'sallesma', 'sha1', NULL, NULL, 1, 0, NULL, '2012-04-21 12:00:00', '2012-04-21 12:00:00'),
(26, NULL, NULL, 'duboicha@etu.utc.fr', 'duboicha', 'sha1', NULL, NULL, 1, 0, NULL, '2012-04-21 12:00:00', '2012-04-21 12:00:00'),
(27, NULL, NULL, 'boitelpi@etu.utc.fr', 'boitelpi', 'sha1', NULL, NULL, 1, 0, NULL, '2012-04-21 12:00:00', '2012-04-21 12:00:00'),
(28, NULL, NULL, 'combotam@etu.utc.fr', 'combotam', 'sha1', NULL, NULL, 1, 0, NULL, '2012-04-21 12:00:00', '2012-04-21 12:00:00'),
(29, NULL, NULL, 'pironiga@etu.utc.fr', 'pironiga', 'sha1', NULL, NULL, 1, 0, NULL, '2012-04-21 12:00:00', '2012-04-21 12:00:00'),
(30, NULL, NULL, 'devertcy@etu.utc.fr', 'devertcy', 'sha1', NULL, NULL, 1, 0, NULL, '2012-04-21 12:00:00', '2012-04-21 12:00:00'),
(31, NULL, NULL, 'nbiehler@etu.utc.fr', 'nbiehler', 'sha1', NULL, NULL, 1, 0, NULL, '2012-04-21 12:00:00', '2012-04-21 12:00:00'),
(32, NULL, NULL, 'jguiscaf@etu.utc.fr', 'jguiscaf', 'sha1', NULL, NULL, 1, 0, NULL, '2012-04-21 12:00:00', '2012-04-21 12:00:00'),
(33, NULL, NULL, 'delagevi@etu.utc.fr', 'delagevi', 'sha1', NULL, NULL, 1, 0, NULL, '2012-04-21 12:00:00', '2012-04-21 12:00:00'),
(34, NULL, NULL, 'moreaueg@etu.utc.fr', 'moreaueg', 'sha1', NULL, NULL, 1, 0, NULL, '2012-04-21 12:00:00', '2012-04-21 12:00:00'),
(35, NULL, NULL, 'lchampea@etu.utc.fr', 'lchampea', 'sha1', NULL, NULL, 1, 0, NULL, '2012-04-21 12:00:00', '2012-04-21 12:00:00'),
(36, NULL, NULL, 'alavergn@etu.utc.fr', 'alavergn', 'sha1', NULL, NULL, 1, 0, NULL, '2012-04-21 12:00:00', '2012-04-21 12:00:00');
UPDATE `sf_guard_user` SET `is_active`= 0;

INSERT INTO `asso_member` (`id`, `user_id`, `asso_id`, `role_id`, `semestre_id`, `created_at`, `updated_at`) VALUES
(1, 7, 21, 1, 2, '2012-04-21 12:00:00', '2012-04-21 12:00:00'),
(2, 36, 31, 1, 2, '2012-04-21 12:00:00', '2012-04-21 12:00:00'),
(3, 9, 89, 1, 2, '2012-04-21 12:00:00', '2012-04-21 12:00:00'),
(4, 10, 55, 1, 2, '2012-04-21 12:00:00', '2012-04-21 12:00:00'),
(5, 16, 79, 1, 2, '2012-04-21 12:00:00', '2012-04-21 12:00:00'),
(6, 27, 120, 1, 2, '2012-04-21 12:00:00', '2012-04-21 12:00:00'),
(7, 28, 86, 1, 2, '2012-04-21 12:00:00', '2012-04-21 12:00:00'),
(8, 4, 42, 1, 2, '2012-04-21 12:00:00', '2012-04-21 12:00:00'),
(9, 30, 30, 1, 2, '2012-04-21 12:00:00', '2012-04-21 12:00:00'),
(10, 26, 6, 1, 2, '2012-04-21 12:00:00', '2012-04-21 12:00:00'),
(11, 13, 47, 1, 2, '2012-04-21 12:00:00', '2012-04-21 12:00:00'),
(12, 12, 46, 1, 2, '2012-04-21 12:00:00', '2012-04-21 12:00:00'),
(13, 32, 100, 1, 2, '2012-04-21 12:00:00', '2012-04-21 12:00:00'),
(14, 35, 85, 1, 2, '2012-04-21 12:00:00', '2012-04-21 12:00:00'),
(15, 19, 39, 1, 2, '2012-04-21 12:00:00', '2012-04-21 12:00:00'),
(16, 24, 73, 1, 2, '2012-04-21 12:00:00', '2012-04-21 12:00:00'),
(17, 14, 28, 1, 2, '2012-04-21 12:00:00', '2012-04-21 12:00:00'),
(18, 3, 54, 1, 2, '2012-04-21 12:00:00', '2012-04-21 12:00:00'),
(19, 31, 60, 1, 2, '2012-04-21 12:00:00', '2012-04-21 12:00:00'),
(20, 23, 74, 1, 2, '2012-04-21 12:00:00', '2012-04-21 12:00:00'),
(21, 21, 34, 1, 2, '2012-04-21 12:00:00', '2012-04-21 12:00:00'),
(22, 29, 82, 1, 2, '2012-04-21 12:00:00', '2012-04-21 12:00:00'),
(23, 6, 98, 1, 2, '2012-04-21 12:00:00', '2012-04-21 12:00:00'),
(24, 2, 8, 1, 2, '2012-04-21 12:00:00', '2012-04-21 12:00:00'),
(25, 2, 104, 1, 2, '2012-04-21 12:00:00', '2012-04-21 12:00:00'),
(26, 25, 4, 1, 2, '2012-04-21 12:00:00', '2012-04-21 12:00:00'),
(27, 5, 110, 1, 2, '2012-04-21 12:00:00', '2012-04-21 12:00:00'),
(28, 17, 61, 1, 2, '2012-04-21 12:00:00', '2012-04-21 12:00:00'),
(29, 22, 49, 1, 2, '2012-04-21 12:00:00', '2012-04-21 12:00:00'),
(30, 8, 22, 1, 2, '2012-04-21 12:00:00', '2012-04-21 12:00:00'),
(31, 1, 2, 2, 2, '2012-04-21 12:00:00', '2012-04-21 12:00:00'),
(32, 2, 2, 2, 2, '2012-04-21 12:00:00', '2012-04-21 12:00:00'),
(33, 3, 2, 1, 2, '2012-04-21 12:00:00', '2012-04-21 12:00:00');

INSERT INTO `profile` (`id`, `user_id`, `domain`, `nickname`, `birthday`, `sexe`, `mobile`, `home_place`, `family_place`, `branche_id`, `filiere_id`, `semestre`, `other_email`, `photo`, `weekmail`, `autorisation_photo`, `created_at`, `updated_at`) VALUES
(NULL, 1, 'utc', NULL, NULL, NULL, NULL, NULL, NULL, NULL, NULL, NULL, NULL, NULL, NULL, NULL, '2012-04-21 12:00:00', '2012-04-21 12:00:00'),
(NULL, 2, 'utc', NULL, NULL, NULL, NULL, NULL, NULL, NULL, NULL, NULL, NULL, NULL, NULL, NULL, '2012-04-21 12:00:00', '2012-04-21 12:00:00'),
(NULL, 3, 'utc', NULL, NULL, NULL, NULL, NULL, NULL, NULL, NULL, NULL, NULL, NULL, NULL, NULL, '2012-04-21 12:00:00', '2012-04-21 12:00:00'),
(NULL, 4, 'utc', NULL, NULL, NULL, NULL, NULL, NULL, NULL, NULL, NULL, NULL, NULL, NULL, NULL, '2012-04-21 12:00:00', '2012-04-21 12:00:00'),
(NULL, 5, 'utc', NULL, NULL, NULL, NULL, NULL, NULL, NULL, NULL, NULL, NULL, NULL, NULL, NULL, '2012-04-21 12:00:00', '2012-04-21 12:00:00'),
(NULL, 6, 'utc', NULL, NULL, NULL, NULL, NULL, NULL, NULL, NULL, NULL, NULL, NULL, NULL, NULL, '2012-04-21 12:00:00', '2012-04-21 12:00:00'),
(NULL, 7, 'utc', NULL, NULL, NULL, NULL, NULL, NULL, NULL, NULL, NULL, NULL, NULL, NULL, NULL, '2012-04-21 12:00:00', '2012-04-21 12:00:00'),
(NULL, 8, 'utc', NULL, NULL, NULL, NULL, NULL, NULL, NULL, NULL, NULL, NULL, NULL, NULL, NULL, '2012-04-21 12:00:00', '2012-04-21 12:00:00'),
(NULL, 9, 'utc', NULL, NULL, NULL, NULL, NULL, NULL, NULL, NULL, NULL, NULL, NULL, NULL, NULL, '2012-04-21 12:00:00', '2012-04-21 12:00:00'),
(NULL, 10, 'utc', NULL, NULL, NULL, NULL, NULL, NULL, NULL, NULL, NULL, NULL, NULL, NULL, NULL, '2012-04-21 12:00:00', '2012-04-21 12:00:00'),
(NULL, 11, 'utc', NULL, NULL, NULL, NULL, NULL, NULL, NULL, NULL, NULL, NULL, NULL, NULL, NULL, '2012-04-21 12:00:00', '2012-04-21 12:00:00'),
(NULL, 12, 'utc', NULL, NULL, NULL, NULL, NULL, NULL, NULL, NULL, NULL, NULL, NULL, NULL, NULL, '2012-04-21 12:00:00', '2012-04-21 12:00:00'),
(NULL, 13, 'utc', NULL, NULL, NULL, NULL, NULL, NULL, NULL, NULL, NULL, NULL, NULL, NULL, NULL, '2012-04-21 12:00:00', '2012-04-21 12:00:00'),
(NULL, 14, 'utc', NULL, NULL, NULL, NULL, NULL, NULL, NULL, NULL, NULL, NULL, NULL, NULL, NULL, '2012-04-21 12:00:00', '2012-04-21 12:00:00'),
(NULL, 15, 'utc', NULL, NULL, NULL, NULL, NULL, NULL, NULL, NULL, NULL, NULL, NULL, NULL, NULL, '2012-04-21 12:00:00', '2012-04-21 12:00:00'),
(NULL, 16, 'utc', NULL, NULL, NULL, NULL, NULL, NULL, NULL, NULL, NULL, NULL, NULL, NULL, NULL, '2012-04-21 12:00:00', '2012-04-21 12:00:00'),
(NULL, 17, 'utc', NULL, NULL, NULL, NULL, NULL, NULL, NULL, NULL, NULL, NULL, NULL, NULL, NULL, '2012-04-21 12:00:00', '2012-04-21 12:00:00'),
(NULL, 18, 'utc', NULL, NULL, NULL, NULL, NULL, NULL, NULL, NULL, NULL, NULL, NULL, NULL, NULL, '2012-04-21 12:00:00', '2012-04-21 12:00:00'),
(NULL, 19, 'utc', NULL, NULL, NULL, NULL, NULL, NULL, NULL, NULL, NULL, NULL, NULL, NULL, NULL, '2012-04-21 12:00:00', '2012-04-21 12:00:00'),
(NULL, 20, 'utc', NULL, NULL, NULL, NULL, NULL, NULL, NULL, NULL, NULL, NULL, NULL, NULL, NULL, '2012-04-21 12:00:00', '2012-04-21 12:00:00'),
(NULL, 21, 'utc', NULL, NULL, NULL, NULL, NULL, NULL, NULL, NULL, NULL, NULL, NULL, NULL, NULL, '2012-04-21 12:00:00', '2012-04-21 12:00:00'),
(NULL, 22, 'utc', NULL, NULL, NULL, NULL, NULL, NULL, NULL, NULL, NULL, NULL, NULL, NULL, NULL, '2012-04-21 12:00:00', '2012-04-21 12:00:00'),
(NULL, 23, 'utc', NULL, NULL, NULL, NULL, NULL, NULL, NULL, NULL, NULL, NULL, NULL, NULL, NULL, '2012-04-21 12:00:00', '2012-04-21 12:00:00'),
(NULL, 24, 'utc', NULL, NULL, NULL, NULL, NULL, NULL, NULL, NULL, NULL, NULL, NULL, NULL, NULL, '2012-04-21 12:00:00', '2012-04-21 12:00:00'),
(NULL, 25, 'utc', NULL, NULL, NULL, NULL, NULL, NULL, NULL, NULL, NULL, NULL, NULL, NULL, NULL, '2012-04-21 12:00:00', '2012-04-21 12:00:00'),
(NULL, 26, 'utc', NULL, NULL, NULL, NULL, NULL, NULL, NULL, NULL, NULL, NULL, NULL, NULL, NULL, '2012-04-21 12:00:00', '2012-04-21 12:00:00'),
(NULL, 27, 'utc', NULL, NULL, NULL, NULL, NULL, NULL, NULL, NULL, NULL, NULL, NULL, NULL, NULL, '2012-04-21 12:00:00', '2012-04-21 12:00:00'),
(NULL, 28, 'utc', NULL, NULL, NULL, NULL, NULL, NULL, NULL, NULL, NULL, NULL, NULL, NULL, NULL, '2012-04-21 12:00:00', '2012-04-21 12:00:00'),
(NULL, 29, 'utc', NULL, NULL, NULL, NULL, NULL, NULL, NULL, NULL, NULL, NULL, NULL, NULL, NULL, '2012-04-21 12:00:00', '2012-04-21 12:00:00'),
(NULL, 30, 'utc', NULL, NULL, NULL, NULL, NULL, NULL, NULL, NULL, NULL, NULL, NULL, NULL, NULL, '2012-04-21 12:00:00', '2012-04-21 12:00:00'),
(NULL, 31, 'utc', NULL, NULL, NULL, NULL, NULL, NULL, NULL, NULL, NULL, NULL, NULL, NULL, NULL, '2012-04-21 12:00:00', '2012-04-21 12:00:00'),
(NULL, 32, 'utc', NULL, NULL, NULL, NULL, NULL, NULL, NULL, NULL, NULL, NULL, NULL, NULL, NULL, '2012-04-21 12:00:00', '2012-04-21 12:00:00'),
(NULL, 33, 'utc', NULL, NULL, NULL, NULL, NULL, NULL, NULL, NULL, NULL, NULL, NULL, NULL, NULL, '2012-04-21 12:00:00', '2012-04-21 12:00:00'),
(NULL, 34, 'utc', NULL, NULL, NULL, NULL, NULL, NULL, NULL, NULL, NULL, NULL, NULL, NULL, NULL, '2012-04-21 12:00:00', '2012-04-21 12:00:00'),
(NULL, 35, 'utc', NULL, NULL, NULL, NULL, NULL, NULL, NULL, NULL, NULL, NULL, NULL, NULL, NULL, '2012-04-21 12:00:00', '2012-04-21 12:00:00'),
(NULL, 36, 'utc', NULL, NULL, NULL, NULL, NULL, NULL, NULL, NULL, NULL, NULL, NULL, NULL, NULL, '2012-04-21 12:00:00', '2012-04-21 12:00:00');

SET foreign_key_checks = 1;
